Fecha_Hora;valor
1/1/2015 0:00;4,6
2/1/2015 0:00;5,1
3/1/2015 0:00;0,3
4/1/2015 0:00;8,5
5/1/2015 0:00;2,1
6/1/2015 0:00;4,1
7/1/2015 0:00;1,7
8/1/2015 0:00;7,6
9/1/2015 0:00;18,9
10/1/2015 0:00;20,8
11/1/2015 0:00;21,6
12/1/2015 0:00;10,2
13/1/2015 0:00;1,6
14/1/2015 0:00;0,4
15/1/2015 0:00;0
16/1/2015 0:00;0
17/1/2015 0:00;9
18/1/2015 0:00;2,9
19/1/2015 0:00;2,3
20/1/2015 0:00;9,9
21/1/2015 0:00;6,6
22/1/2015 0:00;15,5
23/1/2015 0:00;4,4
24/1/2015 0:00;1,8
25/1/2015 0:00;0,1
26/1/2015 0:00;0
27/1/2015 0:00;9,2
28/1/2015 0:00;2
29/1/2015 0:00;7,2
30/1/2015 0:00;4,3
31/1/2015 0:00;32
1/2/2015 0:00;23,5
2/2/2015 0:00;16,7
3/2/2015 0:00;29,4
4/2/2015 0:00;15,1
5/2/2015 0:00;6,5
6/2/2015 0:00;0,1
7/2/2015 0:00;4,3
8/2/2015 0:00;4,7
9/2/2015 0:00;9,2
10/2/2015 0:00;0,1
11/2/2015 0:00;11,1
12/2/2015 0:00;4,2
13/2/2015 0:00;11
14/2/2015 0:00;8
15/2/2015 0:00;4,9
16/2/2015 0:00;1,4
17/2/2015 0:00;0
18/2/2015 0:00;0
19/2/2015 0:00;0
20/2/2015 0:00;0
21/2/2015 0:00;0
22/2/2015 0:00;0
23/2/2015 0:00;0
24/2/2015 0:00;0,3
25/2/2015 0:00;0
26/2/2015 0:00;0
27/2/2015 0:00;0
28/2/2015 0:00;0
1/3/2015 0:00;0
2/3/2015 0:00;0
3/3/2015 0:00;0
4/3/2015 0:00;0
5/3/2015 0:00;0
6/3/2015 0:00;0
7/3/2015 0:00;0
8/3/2015 0:00;0
9/3/2015 0:00;0
10/3/2015 0:00;0
11/3/2015 0:00;0
12/3/2015 0:00;0
13/3/2015 0:00;0
14/3/2015 0:00;0
15/3/2015 0:00;0
16/3/2015 0:00;0
17/3/2015 0:00;1,2
18/3/2015 0:00;8,7
19/3/2015 0:00;7
20/3/2015 0:00;9,8
21/3/2015 0:00;0
22/3/2015 0:00;0
23/3/2015 0:00;5,4
24/3/2015 0:00;1
25/3/2015 0:00;0,3
26/3/2015 0:00;0
27/3/2015 0:00;2,2
28/3/2015 0:00;1
29/3/2015 0:00;16,3
30/3/2015 0:00;0
31/3/2015 0:00;0
1/4/2015 0:00;7,1
2/4/2015 0:00;10,4
3/4/2015 0:00;6,3
4/4/2015 0:00;0,5
5/4/2015 0:00;7,8
6/4/2015 0:00;18,4
7/4/2015 0:00;12,1
8/4/2015 0:00;7,5
9/4/2015 0:00;1,4
10/4/2015 0:00;6,3
11/4/2015 0:00;6
12/4/2015 0:00;8,2
13/4/2015 0:00;3,4
14/4/2015 0:00;10,8
15/4/2015 0:00;1
16/4/2015 0:00;0,7
17/4/2015 0:00;1,6
18/4/2015 0:00;1
19/4/2015 0:00;2,5
20/4/2015 0:00;0,7
21/4/2015 0:00;7,1
22/4/2015 0:00;12,5
23/4/2015 0:00;18,7
24/4/2015 0:00;12,6
25/4/2015 0:00;32,1
26/4/2015 0:00;33,3
27/4/2015 0:00;23,3
28/4/2015 0:00;28,7
29/4/2015 0:00;12,1
30/4/2015 0:00;11,9
1/5/2015 0:00;2,5
2/5/2015 0:00;0
3/5/2015 0:00;6,1
4/5/2015 0:00;0,5
5/5/2015 0:00;8,5
6/5/2015 0:00;5,1
7/5/2015 0:00;2,2
8/5/2015 0:00;6,6
9/5/2015 0:00;15,6
10/5/2015 0:00;27,9
11/5/2015 0:00;38,7
12/5/2015 0:00;19,6
13/5/2015 0:00;35
14/5/2015 0:00;14,6
15/5/2015 0:00;2,5
16/5/2015 0:00;6,9
17/5/2015 0:00;8
18/5/2015 0:00;7,3
19/5/2015 0:00;3,9
20/5/2015 0:00;11,2
21/5/2015 0:00;18,1
22/5/2015 0:00;0,1
23/5/2015 0:00;9,3
24/5/2015 0:00;0,2
25/5/2015 0:00;6,7
26/5/2015 0:00;2,3
27/5/2015 0:00;1,9
28/5/2015 0:00;23,6
29/5/2015 0:00;2,8
30/5/2015 0:00;2,9
31/5/2015 0:00;21,9
1/6/2015 0:00;20,4
2/6/2015 0:00;10,4
3/6/2015 0:00;32,4
4/6/2015 0:00;47,3
5/6/2015 0:00;60,4
6/6/2015 0:00;14,1
7/6/2015 0:00;19,4
8/6/2015 0:00;25,7
9/6/2015 0:00;2,7
10/6/2015 0:00;15,1
11/6/2015 0:00;2,5
12/6/2015 0:00;16,2
13/6/2015 0:00;21,2
14/6/2015 0:00;0,2
15/6/2015 0:00;2,9
16/6/2015 0:00;36,1
17/6/2015 0:00;38,4
18/6/2015 0:00;44,9
19/6/2015 0:00;36,9
20/6/2015 0:00;47,6
21/6/2015 0:00;47,8
22/6/2015 0:00;12,7
23/6/2015 0:00;33,1
24/6/2015 0:00;57,3
25/6/2015 0:00;41,8
26/6/2015 0:00;41,4
27/6/2015 0:00;22,5
28/6/2015 0:00;21,5
29/6/2015 0:00;20,7
30/6/2015 0:00;1,5
1/7/2015 0:00;2,9
2/7/2015 0:00;10,9
3/7/2015 0:00;2,7
4/7/2015 0:00;21,4
5/7/2015 0:00;26,9
6/7/2015 0:00;4
7/7/2015 0:00;6,6
8/7/2015 0:00;15,1
9/7/2015 0:00;3,4
10/7/2015 0:00;23,8
11/7/2015 0:00;29,5
12/7/2015 0:00;24,5
13/7/2015 0:00;0,1
14/7/2015 0:00;0,5
15/7/2015 0:00;9,8
16/7/2015 0:00;19,2
17/7/2015 0:00;0
18/7/2015 0:00;51
19/7/2015 0:00;6,4
20/7/2015 0:00;3,3
21/7/2015 0:00;5,8
22/7/2015 0:00;67,9
23/7/2015 0:00;59
24/7/2015 0:00;26,9
25/7/2015 0:00;14,9
26/7/2015 0:00;9,6
27/7/2015 0:00;37,2
28/7/2015 0:00;47,6
29/7/2015 0:00;31,4
30/7/2015 0:00;20
31/7/2015 0:00;20,2
1/8/2015 0:00;20,8
2/8/2015 0:00;9,1
3/8/2015 0:00;1
4/8/2015 0:00;13,1
5/8/2015 0:00;25
6/8/2015 0:00;1,9
7/8/2015 0:00;0,3
8/8/2015 0:00;0,8
9/8/2015 0:00;3,7
10/8/2015 0:00;3,6
11/8/2015 0:00;4,1
12/8/2015 0:00;10,4
13/8/2015 0:00;5,4
14/8/2015 0:00;53,4
15/8/2015 0:00;43,5
16/8/2015 0:00;17,7
17/8/2015 0:00;28,9
18/8/2015 0:00;0,7
19/8/2015 0:00;4,8
20/8/2015 0:00;10,3
21/8/2015 0:00;3,5
22/8/2015 0:00;0,2
23/8/2015 0:00;2
24/8/2015 0:00;6,2
25/8/2015 0:00;28,8
26/8/2015 0:00;3,4
27/8/2015 0:00;0,2
28/8/2015 0:00;15
29/8/2015 0:00;26,6
30/8/2015 0:00;8,4
31/8/2015 0:00;33,3
1/9/2015 0:00;38,8
2/9/2015 0:00;6,1
3/9/2015 0:00;3,4
4/9/2015 0:00;1,7
5/9/2015 0:00;2,1
6/9/2015 0:00;6,5
7/9/2015 0:00;17
8/9/2015 0:00;3
9/9/2015 0:00;11
10/9/2015 0:00;0
11/9/2015 0:00;0,7
12/9/2015 0:00;0,3
13/9/2015 0:00;0
14/9/2015 0:00;0,1
15/9/2015 0:00;2,5
16/9/2015 0:00;1
17/9/2015 0:00;0
18/9/2015 0:00;6,5
19/9/2015 0:00;3
20/9/2015 0:00;5,6
21/9/2015 0:00;6,1
22/9/2015 0:00;4
23/9/2015 0:00;8,3
24/9/2015 0:00;0,7
25/9/2015 0:00;1
26/9/2015 0:00;4,1
27/9/2015 0:00;1,9
28/9/2015 0:00;0,8
29/9/2015 0:00;0
30/9/2015 0:00;2,9
1/10/2015 0:00;4,8
2/10/2015 0:00;1,8
3/10/2015 0:00;5,1
4/10/2015 0:00;15,2
5/10/2015 0:00;11
6/10/2015 0:00;0,6
7/10/2015 0:00;3,2
8/10/2015 0:00;0
9/10/2015 0:00;0,6
10/10/2015 0:00;3,1
11/10/2015 0:00;7,3
12/10/2015 0:00;3
13/10/2015 0:00;10,4
14/10/2015 0:00;5,2
15/10/2015 0:00;17,7
16/10/2015 0:00;10,6
17/10/2015 0:00;8,2
18/10/2015 0:00;13
19/10/2015 0:00;3,8
20/10/2015 0:00;2,8
21/10/2015 0:00;0,1
22/10/2015 0:00;0
23/10/2015 0:00;0
24/10/2015 0:00;3,7
25/10/2015 0:00;7,8
26/10/2015 0:00;1
27/10/2015 0:00;1,2
28/10/2015 0:00;1,4
29/10/2015 0:00;1,1
30/10/2015 0:00;0
31/10/2015 0:00;0
1/11/2015 0:00;3,9
2/11/2015 0:00;0
3/11/2015 0:00;0
4/11/2015 0:00;0,9
5/11/2015 0:00;8,7
6/11/2015 0:00;16
7/11/2015 0:00;42,5
8/11/2015 0:00;1,6
9/11/2015 0:00;12,7
10/11/2015 0:00;5,8
11/11/2015 0:00;1
12/11/2015 0:00;3,8
13/11/2015 0:00;7,9
14/11/2015 0:00;11,3
15/11/2015 0:00;7,5
16/11/2015 0:00;2,6
17/11/2015 0:00;9
18/11/2015 0:00;0
19/11/2015 0:00;0
20/11/2015 0:00;0,1
21/11/2015 0:00;7,1
22/11/2015 0:00;0
23/11/2015 0:00;1,5
24/11/2015 0:00;2,3
25/11/2015 0:00;6,8
26/11/2015 0:00;0,5
27/11/2015 0:00;0,1
28/11/2015 0:00;1,1
29/11/2015 0:00;1,1
30/11/2015 0:00;3,8
1/12/2015 0:00;33
2/12/2015 0:00;11,7
3/12/2015 0:00;0,1
4/12/2015 0:00;0,2
5/12/2015 0:00;8,8
6/12/2015 0:00;0
7/12/2015 0:00;0,5
8/12/2015 0:00;1,2
9/12/2015 0:00;3,1
10/12/2015 0:00;10,3
11/12/2015 0:00;0,2
12/12/2015 0:00;0,1
13/12/2015 0:00;0
14/12/2015 0:00;4
15/12/2015 0:00;10,9
16/12/2015 0:00;10,6
17/12/2015 0:00;2,6
18/12/2015 0:00;15,8
19/12/2015 0:00;28,1
20/12/2015 0:00;9,8
21/12/2015 0:00;0,9
22/12/2015 0:00;1,6
23/12/2015 0:00;5
24/12/2015 0:00;4,1
25/12/2015 0:00;3,5
26/12/2015 0:00;25,5
27/12/2015 0:00;4,5
28/12/2015 0:00;3
29/12/2015 0:00;10,4
30/12/2015 0:00;10,5
31/12/2015 0:00;23,2
1/1/2016 0:00;0
2/1/2016 0:00;4,1
3/1/2016 0:00;0,9
4/1/2016 0:00;0,9
5/1/2016 0:00;1,6
6/1/2016 0:00;1,3
7/1/2016 0:00;0,3
8/1/2016 0:00;2,2
9/1/2016 0:00;2,9
10/1/2016 0:00;9,6
11/1/2016 0:00;0,3
12/1/2016 0:00;7,2
13/1/2016 0:00;0,2
14/1/2016 0:00;0
15/1/2016 0:00;0
16/1/2016 0:00;0
17/1/2016 0:00;0
18/1/2016 0:00;0
19/1/2016 0:00;0
20/1/2016 0:00;0,4
21/1/2016 0:00;1,6
22/1/2016 0:00;4,6
23/1/2016 0:00;2,2
24/1/2016 0:00;0,6
25/1/2016 0:00;4,9
26/1/2016 0:00;0
27/1/2016 0:00;0
28/1/2016 0:00;0
29/1/2016 0:00;0
30/1/2016 0:00;0
31/1/2016 0:00;0
1/2/2016 0:00;0
2/2/2016 0:00;0,3
3/2/2016 0:00;0
4/2/2016 0:00;0
5/2/2016 0:00;0,9
6/2/2016 0:00;3,8
7/2/2016 0:00;10,4
8/2/2016 0:00;37,5
9/2/2016 0:00;42,3
10/2/2016 0:00;67,7
11/2/2016 0:00;20,3
12/2/2016 0:00;10,8
13/2/2016 0:00;0,7
14/2/2016 0:00;3
15/2/2016 0:00;18,1
16/2/2016 0:00;16,4
17/2/2016 0:00;11,2
18/2/2016 0:00;17,1
19/2/2016 0:00;2,6
20/2/2016 0:00;1,2
21/2/2016 0:00;1
22/2/2016 0:00;2,2
23/2/2016 0:00;10,5
24/2/2016 0:00;17,9
25/2/2016 0:00;4
26/2/2016 0:00;0,4
27/2/2016 0:00;0,9
28/2/2016 0:00;11,6
29/2/2016 0:00;7,3
1/3/2016 0:00;9,9
2/3/2016 0:00;26,2
3/3/2016 0:00;22,3
4/3/2016 0:00;14
5/3/2016 0:00;9
6/3/2016 0:00;0,1
7/3/2016 0:00;0,3
8/3/2016 0:00;2,3
9/3/2016 0:00;0
10/3/2016 0:00;3,4
11/3/2016 0:00;4,5
12/3/2016 0:00;5,8
13/3/2016 0:00;2,2
14/3/2016 0:00;0,2
15/3/2016 0:00;5,4
16/3/2016 0:00;8,8
17/3/2016 0:00;15
18/3/2016 0:00;16,9
19/3/2016 0:00;18,7
20/3/2016 0:00;27
21/3/2016 0:00;44,7
22/3/2016 0:00;5,7
23/3/2016 0:00;22,6
24/3/2016 0:00;5,2
25/3/2016 0:00;0,4
26/3/2016 0:00;17,5
27/3/2016 0:00;4,7
28/3/2016 0:00;5
29/3/2016 0:00;2,8
30/3/2016 0:00;4,7
31/3/2016 0:00;3,5
1/4/2016 0:00;17,6
2/4/2016 0:00;22
3/4/2016 0:00;8,3
4/4/2016 0:00;15,9
5/4/2016 0:00;17,2
6/4/2016 0:00;6,3
7/4/2016 0:00;13,8
8/4/2016 0:00;5,8
9/4/2016 0:00;12,1
10/4/2016 0:00;3,2
11/4/2016 0:00;1,8
12/4/2016 0:00;4,9
13/4/2016 0:00;6,6
14/4/2016 0:00;0,7
15/4/2016 0:00;5,2
16/4/2016 0:00;17,1
17/4/2016 0:00;25,7
18/4/2016 0:00;14,1
19/4/2016 0:00;4,3
20/4/2016 0:00;0,7
21/4/2016 0:00;6,8
22/4/2016 0:00;17,2
23/4/2016 0:00;14
24/4/2016 0:00;0,7
25/4/2016 0:00;2,2
26/4/2016 0:00;0,3
27/4/2016 0:00;9,3
28/4/2016 0:00;13,6
29/4/2016 0:00;0,2
30/4/2016 0:00;12,8
1/5/2016 0:00;2,5
2/5/2016 0:00;1,1
3/5/2016 0:00;6,7
4/5/2016 0:00;15
5/5/2016 0:00;3,2
6/5/2016 0:00;2,8
7/5/2016 0:00;12,4
8/5/2016 0:00;0,5
9/5/2016 0:00;3,3
10/5/2016 0:00;3,3
11/5/2016 0:00;8,4
12/5/2016 0:00;8,6
13/5/2016 0:00;13
14/5/2016 0:00;19,4
15/5/2016 0:00;16,9
16/5/2016 0:00;12,2
17/5/2016 0:00;29,8
18/5/2016 0:00;12,5
19/5/2016 0:00;1,2
20/5/2016 0:00;18,4
21/5/2016 0:00;5,5
22/5/2016 0:00;11,6
23/5/2016 0:00;2,4
24/5/2016 0:00;24
25/5/2016 0:00;9,7
26/5/2016 0:00;0,1
27/5/2016 0:00;0
28/5/2016 0:00;45,3
29/5/2016 0:00;15,2
30/5/2016 0:00;0,7
31/5/2016 0:00;1,1
1/6/2016 0:00;5,8
2/6/2016 0:00;19,6
3/6/2016 0:00;11,6
4/6/2016 0:00;4,1
5/6/2016 0:00;2,1
6/6/2016 0:00;14,3
7/6/2016 0:00;4,5
8/6/2016 0:00;20,4
9/6/2016 0:00;0,4
10/6/2016 0:00;7
11/6/2016 0:00;18,8
12/6/2016 0:00;48,2
13/6/2016 0:00;36,3
14/6/2016 0:00;8,7
15/6/2016 0:00;8,7
16/6/2016 0:00;40,4
17/6/2016 0:00;28,5
18/6/2016 0:00;33,5
19/6/2016 0:00;18
20/6/2016 0:00;53,7
21/6/2016 0:00;39,7
22/6/2016 0:00;33,9
23/6/2016 0:00;40
24/6/2016 0:00;10,9
25/6/2016 0:00;7,7
26/6/2016 0:00;22,1
27/6/2016 0:00;16,3
28/6/2016 0:00;38,8
29/6/2016 0:00;35
30/6/2016 0:00;22,9
1/7/2016 0:00;26,3
2/7/2016 0:00;28,1
3/7/2016 0:00;14,3
4/7/2016 0:00;9
5/7/2016 0:00;5,3
6/7/2016 0:00;3,6
7/7/2016 0:00;18
8/7/2016 0:00;19,5
9/7/2016 0:00;2,1
10/7/2016 0:00;19,8
11/7/2016 0:00;21,8
12/7/2016 0:00;13,7
13/7/2016 0:00;11,2
14/7/2016 0:00;22,6
15/7/2016 0:00;2,3
16/7/2016 0:00;1,7
17/7/2016 0:00;7,9
18/7/2016 0:00;12,1
19/7/2016 0:00;3,1
20/7/2016 0:00;43,9
21/7/2016 0:00;23,5
22/7/2016 0:00;20,9
23/7/2016 0:00;12,4
24/7/2016 0:00;0,8
25/7/2016 0:00;5,7
26/7/2016 0:00;5,7
27/7/2016 0:00;28,8
28/7/2016 0:00;36,1
29/7/2016 0:00;35,2
30/7/2016 0:00;17,5
31/7/2016 0:00;11,3
1/8/2016 0:00;0
2/8/2016 0:00;7,3
3/8/2016 0:00;12,7
4/8/2016 0:00;4,1
5/8/2016 0:00;0,1
6/8/2016 0:00;0,2
7/8/2016 0:00;9
8/8/2016 0:00;13,2
9/8/2016 0:00;4,8
10/8/2016 0:00;14,5
11/8/2016 0:00;19,5
12/8/2016 0:00;3,9
13/8/2016 0:00;1,4
14/8/2016 0:00;3,5
15/8/2016 0:00;0,8
16/8/2016 0:00;10,7
17/8/2016 0:00;13,7
18/8/2016 0:00;11,9
19/8/2016 0:00;8,1
20/8/2016 0:00;1,3
21/8/2016 0:00;3,1
22/8/2016 0:00;20,8
23/8/2016 0:00;2
24/8/2016 0:00;1,7
25/8/2016 0:00;1,2
26/8/2016 0:00;26,6
27/8/2016 0:00;2
28/8/2016 0:00;0
29/8/2016 0:00;1,1
30/8/2016 0:00;3
31/8/2016 0:00;4,3
1/9/2016 0:00;16,2
2/9/2016 0:00;4,5
3/9/2016 0:00;0
4/9/2016 0:00;5,4
5/9/2016 0:00;23
6/9/2016 0:00;8,4
7/9/2016 0:00;0,9
8/9/2016 0:00;0,2
9/9/2016 0:00;12,3
10/9/2016 0:00;29,6
11/9/2016 0:00;29,8
12/9/2016 0:00;0
13/9/2016 0:00;3,3
14/9/2016 0:00;12,3
15/9/2016 0:00;2,7
16/9/2016 0:00;0,8
17/9/2016 0:00;1,4
18/9/2016 0:00;6,6
19/9/2016 0:00;24,4
20/9/2016 0:00;6,7
21/9/2016 0:00;0,1
22/9/2016 0:00;0,1
23/9/2016 0:00;24
24/9/2016 0:00;25,5
25/9/2016 0:00;13,1
26/9/2016 0:00;1,8
27/9/2016 0:00;1,6
28/9/2016 0:00;12,3
29/9/2016 0:00;0
30/9/2016 0:00;1,7
1/10/2016 0:00;4,2
2/10/2016 0:00;1,8
3/10/2016 0:00;0,1
4/10/2016 0:00;1,9
5/10/2016 0:00;2,8
6/10/2016 0:00;2,9
7/10/2016 0:00;0,2
8/10/2016 0:00;1,2
9/10/2016 0:00;8,2
10/10/2016 0:00;11,1
11/10/2016 0:00;6,7
12/10/2016 0:00;4
13/10/2016 0:00;4,5
14/10/2016 0:00;0
15/10/2016 0:00;3,9
16/10/2016 0:00;0,1
17/10/2016 0:00;0,4
18/10/2016 0:00;0,3
19/10/2016 0:00;0
20/10/2016 0:00;0
21/10/2016 0:00;2,3
22/10/2016 0:00;6
23/10/2016 0:00;5,1
24/10/2016 0:00;0,9
25/10/2016 0:00;8,5
26/10/2016 0:00;0
27/10/2016 0:00;0
28/10/2016 0:00;0
29/10/2016 0:00;0
30/10/2016 0:00;0
31/10/2016 0:00;0
1/11/2016 0:00;0
2/11/2016 0:00;2,5
3/11/2016 0:00;2,5
4/11/2016 0:00;10,1
5/11/2016 0:00;4,4
6/11/2016 0:00;0,4
7/11/2016 0:00;4,7
8/11/2016 0:00;1,8
9/11/2016 0:00;0
10/11/2016 0:00;1,3
11/11/2016 0:00;6,6
12/11/2016 0:00;0,6
13/11/2016 0:00;0
14/11/2016 0:00;0,1
15/11/2016 0:00;0
16/11/2016 0:00;0
17/11/2016 0:00;0
18/11/2016 0:00;3,1
19/11/2016 0:00;0,2
20/11/2016 0:00;0
21/11/2016 0:00;0
22/11/2016 0:00;2,7
23/11/2016 0:00;2,1
24/11/2016 0:00;0,4
25/11/2016 0:00;1,4
26/11/2016 0:00;3,8
27/11/2016 0:00;0,2
28/11/2016 0:00;0
29/11/2016 0:00;12
30/11/2016 0:00;10,4
1/12/2016 0:00;2
2/12/2016 0:00;5,5
3/12/2016 0:00;7,5
4/12/2016 0:00;0
5/12/2016 0:00;0,3
6/12/2016 0:00;1,4
7/12/2016 0:00;2,1
8/12/2016 0:00;1,1
9/12/2016 0:00;0,3
10/12/2016 0:00;0
11/12/2016 0:00;0,4
12/12/2016 0:00;2,6
13/12/2016 0:00;0,1
14/12/2016 0:00;2,3
15/12/2016 0:00;3,6
16/12/2016 0:00;9,1
17/12/2016 0:00;0
18/12/2016 0:00;0
19/12/2016 0:00;3,1
20/12/2016 0:00;0,7
21/12/2016 0:00;0
22/12/2016 0:00;0
23/12/2016 0:00;2,9
24/12/2016 0:00;2,1
25/12/2016 0:00;3,5
26/12/2016 0:00;0,3
27/12/2016 0:00;0,7
28/12/2016 0:00;0,5
29/12/2016 0:00;0,1
30/12/2016 0:00;4,1
31/12/2016 0:00;4,4
1/1/2017 0:00;16,3
2/1/2017 0:00;27,7
3/1/2017 0:00;0,8
4/1/2017 0:00;6
5/1/2017 0:00;15,4
6/1/2017 0:00;19,5
7/1/2017 0:00;4,4
8/1/2017 0:00;1,1
9/1/2017 0:00;6,8
10/1/2017 0:00;1,8
11/1/2017 0:00;7,8
12/1/2017 0:00;0
13/1/2017 0:00;0
14/1/2017 0:00;2,8
15/1/2017 0:00;0,8
16/1/2017 0:00;0
17/1/2017 0:00;0,1
18/1/2017 0:00;1,3
19/1/2017 0:00;0,1
20/1/2017 0:00;15,4
21/1/2017 0:00;17,1
22/1/2017 0:00;0
23/1/2017 0:00;0
24/1/2017 0:00;0
25/1/2017 0:00;4
26/1/2017 0:00;20,5
27/1/2017 0:00;25,1
28/1/2017 0:00;10,7
29/1/2017 0:00;7,2
30/1/2017 0:00;4,7
31/1/2017 0:00;5,4
1/2/2017 0:00;9,3
2/2/2017 0:00;2,6
3/2/2017 0:00;10,3
4/2/2017 0:00;8,9
5/2/2017 0:00;9,3
6/2/2017 0:00;1,8
7/2/2017 0:00;3,3
8/2/2017 0:00;0,8
9/2/2017 0:00;0,3
10/2/2017 0:00;0
11/2/2017 0:00;0
12/2/2017 0:00;1,5
13/2/2017 0:00;2,5
14/2/2017 0:00;0
15/2/2017 0:00;0,6
16/2/2017 0:00;0,1
17/2/2017 0:00;0
18/2/2017 0:00;3,1
19/2/2017 0:00;0
20/2/2017 0:00;0,1
21/2/2017 0:00;4,2
22/2/2017 0:00;7,2
23/2/2017 0:00;1
24/2/2017 0:00;1,3
25/2/2017 0:00;6,9
26/2/2017 0:00;0,1
27/2/2017 0:00;5,6
28/2/2017 0:00;0,9
1/3/2017 0:00;0
2/3/2017 0:00;0
3/3/2017 0:00;4,5
4/3/2017 0:00;1,4
5/3/2017 0:00;6,4
6/3/2017 0:00;4,3
7/3/2017 0:00;1,5
8/3/2017 0:00;7,7
9/3/2017 0:00;5,4
10/3/2017 0:00;3,1
11/3/2017 0:00;7,9
12/3/2017 0:00;0,3
13/3/2017 0:00;5,8
14/3/2017 0:00;8,9
15/3/2017 0:00;10,2
16/3/2017 0:00;4
17/3/2017 0:00;1,4
18/3/2017 0:00;12,6
19/3/2017 0:00;7,4
20/3/2017 0:00;1,3
21/3/2017 0:00;4,5
22/3/2017 0:00;11,8
23/3/2017 0:00;4,9
24/3/2017 0:00;10
25/3/2017 0:00;10,9
26/3/2017 0:00;3,8
27/3/2017 0:00;6,8
28/3/2017 0:00;2,1
29/3/2017 0:00;3,4
30/3/2017 0:00;1,1
31/3/2017 0:00;23
1/4/2017 0:00;18,3
2/4/2017 0:00;1,7
3/4/2017 0:00;0,3
4/4/2017 0:00;1,3
5/4/2017 0:00;3,7
6/4/2017 0:00;1,7
7/4/2017 0:00;0,6
8/4/2017 0:00;1,7
9/4/2017 0:00;3,6
10/4/2017 0:00;0,1
11/4/2017 0:00;5,2
12/4/2017 0:00;7,1
13/4/2017 0:00;12,5
14/4/2017 0:00;5,5
15/4/2017 0:00;16
16/4/2017 0:00;3,7
17/4/2017 0:00;1,1
18/4/2017 0:00;0,5
19/4/2017 0:00;5
20/4/2017 0:00;9,9
21/4/2017 0:00;0,9
22/4/2017 0:00;0
23/4/2017 0:00;1,7
24/4/2017 0:00;1,9
25/4/2017 0:00;0
26/4/2017 0:00;6,8
27/4/2017 0:00;0,3
28/4/2017 0:00;6,8
29/4/2017 0:00;17
30/4/2017 0:00;17,7
1/5/2017 0:00;3,3
2/5/2017 0:00;9
3/5/2017 0:00;7,1
4/5/2017 0:00;27
5/5/2017 0:00;4,2
6/5/2017 0:00;9,7
7/5/2017 0:00;6,1
8/5/2017 0:00;2,6
9/5/2017 0:00;2,4
10/5/2017 0:00;20,5
11/5/2017 0:00;4,4
12/5/2017 0:00;0,4
13/5/2017 0:00;1,3
14/5/2017 0:00;12
15/5/2017 0:00;15
16/5/2017 0:00;1,4
17/5/2017 0:00;1,3
18/5/2017 0:00;4,9
19/5/2017 0:00;0,4
20/5/2017 0:00;14,4
21/5/2017 0:00;13,1
22/5/2017 0:00;20,3
23/5/2017 0:00;1,8
24/5/2017 0:00;20,9
25/5/2017 0:00;14,4
26/5/2017 0:00;16,6
27/5/2017 0:00;9,9
28/5/2017 0:00;0,8
29/5/2017 0:00;5,9
30/5/2017 0:00;6
31/5/2017 0:00;16,6
1/6/2017 0:00;9,4
2/6/2017 0:00;4,2
3/6/2017 0:00;21,8
4/6/2017 0:00;17,2
5/6/2017 0:00;25,8
6/6/2017 0:00;0
7/6/2017 0:00;5,2
8/6/2017 0:00;11,1
9/6/2017 0:00;0,3
10/6/2017 0:00;15,6
11/6/2017 0:00;2,1
12/6/2017 0:00;6,9
13/6/2017 0:00;26,4
14/6/2017 0:00;25,2
15/6/2017 0:00;19,8
16/6/2017 0:00;10,7
17/6/2017 0:00;0,2
18/6/2017 0:00;0,1
19/6/2017 0:00;0,2
20/6/2017 0:00;29,2
21/6/2017 0:00;13,5
22/6/2017 0:00;1,7
23/6/2017 0:00;0,2
24/6/2017 0:00;2,1
25/6/2017 0:00;7,7
26/6/2017 0:00;0,9
27/6/2017 0:00;2,3
28/6/2017 0:00;8,7
29/6/2017 0:00;9,4
30/6/2017 0:00;2,2
1/7/2017 0:00;7
2/7/2017 0:00;13,1
3/7/2017 0:00;16,9
4/7/2017 0:00;9,6
5/7/2017 0:00;5,4
6/7/2017 0:00;28,9
7/7/2017 0:00;41,8
8/7/2017 0:00;7,8
9/7/2017 0:00;2,7
10/7/2017 0:00;4,6
11/7/2017 0:00;1,9
12/7/2017 0:00;0,7
13/7/2017 0:00;0
14/7/2017 0:00;0,7
15/7/2017 0:00;0
16/7/2017 0:00;0
17/7/2017 0:00;22,3
18/7/2017 0:00;42,1
19/7/2017 0:00;29,3
20/7/2017 0:00;0,6
21/7/2017 0:00;1,3
22/7/2017 0:00;21,4
23/7/2017 0:00;19,4
24/7/2017 0:00;45
25/7/2017 0:00;62,4
26/7/2017 0:00;49,2
27/7/2017 0:00;6,2
28/7/2017 0:00;6,3
29/7/2017 0:00;10
30/7/2017 0:00;1,4
31/7/2017 0:00;6,4
1/8/2017 0:00;2,9
2/8/2017 0:00;1,1
3/8/2017 0:00;1,2
4/8/2017 0:00;6,3
5/8/2017 0:00;19,4
6/8/2017 0:00;12,6
7/8/2017 0:00;20,7
8/8/2017 0:00;30,3
9/8/2017 0:00;7,6
10/8/2017 0:00;2,5
11/8/2017 0:00;4,2
12/8/2017 0:00;4,2
13/8/2017 0:00;2,4
14/8/2017 0:00;0,1
15/8/2017 0:00;0,3
16/8/2017 0:00;0,1
17/8/2017 0:00;4
18/8/2017 0:00;3
19/8/2017 0:00;2,9
20/8/2017 0:00;4,1
21/8/2017 0:00;30,3
22/8/2017 0:00;25,5
23/8/2017 0:00;0,1
24/8/2017 0:00;1,6
25/8/2017 0:00;40,8
26/8/2017 0:00;3,8
27/8/2017 0:00;5,1
28/8/2017 0:00;7,8
29/8/2017 0:00;15,3
30/8/2017 0:00;22,8
31/8/2017 0:00;0,9
1/9/2017 0:00;9,3
2/9/2017 0:00;5,8
3/9/2017 0:00;27,4
4/9/2017 0:00;3,8
5/9/2017 0:00;0
6/9/2017 0:00;12,2
7/9/2017 0:00;0
8/9/2017 0:00;0,9
9/9/2017 0:00;3,1
10/9/2017 0:00;8,9
11/9/2017 0:00;0,3
12/9/2017 0:00;2,2
13/9/2017 0:00;2,2
14/9/2017 0:00;8,2
15/9/2017 0:00;3,8
16/9/2017 0:00;22
17/9/2017 0:00;14
18/9/2017 0:00;8,5
19/9/2017 0:00;0,1
20/9/2017 0:00;0
21/9/2017 0:00;0
22/9/2017 0:00;0,8
23/9/2017 0:00;6,6
24/9/2017 0:00;5,8
25/9/2017 0:00;17,2
26/9/2017 0:00;0,8
27/9/2017 0:00;0,6
28/9/2017 0:00;0,6
29/9/2017 0:00;9,2
30/9/2017 0:00;19,1
1/10/2017 0:00;1,5
2/10/2017 0:00;0
3/10/2017 0:00;2,4
4/10/2017 0:00;7,7
5/10/2017 0:00;6,6
6/10/2017 0:00;11,7
7/10/2017 0:00;11,7
8/10/2017 0:00;0
9/10/2017 0:00;5,2
10/10/2017 0:00;0,6
11/10/2017 0:00;0,9
12/10/2017 0:00;0,2
13/10/2017 0:00;13,6
14/10/2017 0:00;0,6
15/10/2017 0:00;20,2
16/10/2017 0:00;26,8
17/10/2017 0:00;34,8
18/10/2017 0:00;12,3
19/10/2017 0:00;0,6
20/10/2017 0:00;0
21/10/2017 0:00;15,2
22/10/2017 0:00;19,3
23/10/2017 0:00;20,8
24/10/2017 0:00;0,8
25/10/2017 0:00;4,6
26/10/2017 0:00;1
27/10/2017 0:00;0,2
28/10/2017 0:00;4,1
29/10/2017 0:00;0,4
30/10/2017 0:00;1,1
31/10/2017 0:00;5,7
1/11/2017 0:00;0
2/11/2017 0:00;4
3/11/2017 0:00;1,9
4/11/2017 0:00;0
5/11/2017 0:00;0
6/11/2017 0:00;0
7/11/2017 0:00;0
8/11/2017 0:00;1,6
9/11/2017 0:00;0
10/11/2017 0:00;14,1
11/11/2017 0:00;2,6
12/11/2017 0:00;0,1
13/11/2017 0:00;1,7
14/11/2017 0:00;1,6
15/11/2017 0:00;7
16/11/2017 0:00;0,6
17/11/2017 0:00;0
18/11/2017 0:00;0
19/11/2017 0:00;0
20/11/2017 0:00;33,1
21/11/2017 0:00;3,3
22/11/2017 0:00;0
23/11/2017 0:00;0,5
24/11/2017 0:00;0,2
25/11/2017 0:00;1,9
26/11/2017 0:00;4,8
27/11/2017 0:00;8
28/11/2017 0:00;22,6
29/11/2017 0:00;3,9
30/11/2017 0:00;0
1/12/2017 0:00;1,5
2/12/2017 0:00;12,9
3/12/2017 0:00;9,2
4/12/2017 0:00;16,1
5/12/2017 0:00;7,5
6/12/2017 0:00;2,8
7/12/2017 0:00;0,2
8/12/2017 0:00;3,4
9/12/2017 0:00;0,1
10/12/2017 0:00;21,7
11/12/2017 0:00;8,7
12/12/2017 0:00;2
13/12/2017 0:00;0
14/12/2017 0:00;0
15/12/2017 0:00;0
16/12/2017 0:00;0
17/12/2017 0:00;0
18/12/2017 0:00;0
19/12/2017 0:00;0
20/12/2017 0:00;12,5
21/12/2017 0:00;3,7
22/12/2017 0:00;10,2
23/12/2017 0:00;5,1
24/12/2017 0:00;1,1
25/12/2017 0:00;3,4
26/12/2017 0:00;3,4
27/12/2017 0:00;17,5
28/12/2017 0:00;2,5
29/12/2017 0:00;6,2
30/12/2017 0:00;9,3
31/12/2017 0:00;13,8
1/1/2018 0:00;30,1
2/1/2018 0:00;3,3
3/1/2018 0:00;0,2
4/1/2018 0:00;0,1
5/1/2018 0:00;0
6/1/2018 0:00;0,8
7/1/2018 0:00;0
8/1/2018 0:00;1,6
9/1/2018 0:00;0,3
10/1/2018 0:00;0
11/1/2018 0:00;0,8
12/1/2018 0:00;0,3
13/1/2018 0:00;0,8
14/1/2018 0:00;13,5
15/1/2018 0:00;29,1
16/1/2018 0:00;11,7
17/1/2018 0:00;3,3
18/1/2018 0:00;9,4
19/1/2018 0:00;29,2
20/1/2018 0:00;43,7
21/1/2018 0:00;26,3
22/1/2018 0:00;20,2
23/1/2018 0:00;6,7
24/1/2018 0:00;3,6
25/1/2018 0:00;3,8
26/1/2018 0:00;6,7
27/1/2018 0:00;10,1
28/1/2018 0:00;3,2
29/1/2018 0:00;0,1
30/1/2018 0:00;0
31/1/2018 0:00;2,1
1/2/2018 0:00;0
2/2/2018 0:00;3,3
3/2/2018 0:00;0,1
4/2/2018 0:00;0
5/2/2018 0:00;2,5
6/2/2018 0:00;0,5
7/2/2018 0:00;0,1
8/2/2018 0:00;0
9/2/2018 0:00;0
10/2/2018 0:00;0
11/2/2018 0:00;0,1
12/2/2018 0:00;0
13/2/2018 0:00;0
14/2/2018 0:00;0,4
15/2/2018 0:00;8,6
16/2/2018 0:00;3,4
17/2/2018 0:00;13,9
18/2/2018 0:00;5,8
19/2/2018 0:00;13,1
20/2/2018 0:00;0,2
21/2/2018 0:00;1,1
22/2/2018 0:00;7,5
23/2/2018 0:00;2,3
24/2/2018 0:00;3,1
25/2/2018 0:00;0
26/2/2018 0:00;1,2
27/2/2018 0:00;1,4
28/2/2018 0:00;0,7
1/3/2018 0:00;3,3
2/3/2018 0:00;27,8
3/3/2018 0:00;16
4/3/2018 0:00;4,1
5/3/2018 0:00;1,1
6/3/2018 0:00;12,2
7/3/2018 0:00;18,8
8/3/2018 0:00;17,6
9/3/2018 0:00;5,5
10/3/2018 0:00;1,5
11/3/2018 0:00;4,3
12/3/2018 0:00;0
13/3/2018 0:00;0
14/3/2018 0:00;0
15/3/2018 0:00;0,9
16/3/2018 0:00;8,1
17/3/2018 0:00;1,5
18/3/2018 0:00;0,3
19/3/2018 0:00;4,4
20/3/2018 0:00;0
21/3/2018 0:00;9,7
22/3/2018 0:00;4,7
23/3/2018 0:00;0
24/3/2018 0:00;4,3
25/3/2018 0:00;0,1
26/3/2018 0:00;1,8
27/3/2018 0:00;0
28/3/2018 0:00;1,8
29/3/2018 0:00;24,1
30/3/2018 0:00;10,1
31/3/2018 0:00;2,9
1/4/2018 0:00;0,3
2/4/2018 0:00;2,5
3/4/2018 0:00;1,4
4/4/2018 0:00;13,9
5/4/2018 0:00;12,3
6/4/2018 0:00;6,7
7/4/2018 0:00;0,1
8/4/2018 0:00;0
9/4/2018 0:00;0,8
10/4/2018 0:00;0,9
11/4/2018 0:00;0
12/4/2018 0:00;0,7
13/4/2018 0:00;0,1
14/4/2018 0:00;0
15/4/2018 0:00;2,3
16/4/2018 0:00;20,7
17/4/2018 0:00;3,1
18/4/2018 0:00;6,8
19/4/2018 0:00;25
20/4/2018 0:00;5
21/4/2018 0:00;15,9
22/4/2018 0:00;7,1
23/4/2018 0:00;16,6
24/4/2018 0:00;6,7
25/4/2018 0:00;16,9
26/4/2018 0:00;4,1
27/4/2018 0:00;1,7
28/4/2018 0:00;32,6
29/4/2018 0:00;5,4
30/4/2018 0:00;2,9
1/5/2018 0:00;5,9
2/5/2018 0:00;2,6
3/5/2018 0:00;1,5
4/5/2018 0:00;5
5/5/2018 0:00;3,4
6/5/2018 0:00;7,4
7/5/2018 0:00;18
8/5/2018 0:00;8,7
9/5/2018 0:00;8,6
10/5/2018 0:00;6,5
11/5/2018 0:00;5,6
12/5/2018 0:00;0,6
13/5/2018 0:00;5,8
14/5/2018 0:00;5,4
15/5/2018 0:00;0
16/5/2018 0:00;9,3
17/5/2018 0:00;13,6
18/5/2018 0:00;9,6
19/5/2018 0:00;4,9
20/5/2018 0:00;6,9
21/5/2018 0:00;3,2
22/5/2018 0:00;17
23/5/2018 0:00;35,9
24/5/2018 0:00;48,7
25/5/2018 0:00;27,3
26/5/2018 0:00;26,2
27/5/2018 0:00;24,9
28/5/2018 0:00;4,4
29/5/2018 0:00;5,9
30/5/2018 0:00;2
31/5/2018 0:00;1,8
1/6/2018 0:00;1,8
2/6/2018 0:00;10,8
3/6/2018 0:00;33,4
4/6/2018 0:00;36
5/6/2018 0:00;0,2
6/6/2018 0:00;2,5
7/6/2018 0:00;1,3
8/6/2018 0:00;0,8
9/6/2018 0:00;1,6
10/6/2018 0:00;0
11/6/2018 0:00;0
12/6/2018 0:00;0
13/6/2018 0:00;0,2
14/6/2018 0:00;2,9
15/6/2018 0:00;6,9
16/6/2018 0:00;17,4
17/6/2018 0:00;40
18/6/2018 0:00;24
19/6/2018 0:00;25
20/6/2018 0:00;7
21/6/2018 0:00;3
22/6/2018 0:00;6
23/6/2018 0:00;6
24/6/2018 0:00;3
25/6/2018 0:00;14
26/6/2018 0:00;25
27/6/2018 0:00;43
28/6/2018 0:00;31
29/6/2018 0:00;30
30/6/2018 0:00;31
1/7/2018 0:00;21,6
2/7/2018 0:00;11,1
3/7/2018 0:00;1,4
4/7/2018 0:00;2,2
5/7/2018 0:00;2,8
6/7/2018 0:00;1,4
7/7/2018 0:00;9,9
8/7/2018 0:00;24
9/7/2018 0:00;7,1
10/7/2018 0:00;8,3
11/7/2018 0:00;6,3
12/7/2018 0:00;9,7
13/7/2018 0:00;3,2
14/7/2018 0:00;10,3
15/7/2018 0:00;15,1
16/7/2018 0:00;2,4
17/7/2018 0:00;0,2
18/7/2018 0:00;16,6
19/7/2018 0:00;13,5
20/7/2018 0:00;34,3
21/7/2018 0:00;8,9
22/7/2018 0:00;23,6
23/7/2018 0:00;48,7
24/7/2018 0:00;8,5
25/7/2018 0:00;12,5
26/7/2018 0:00;3
27/7/2018 0:00;13,5
28/7/2018 0:00;15,8
29/7/2018 0:00;8,7
30/7/2018 0:00;15,6
31/7/2018 0:00;30,3
1/8/2018 0:00;12,28
2/8/2018 0:00;7,12
3/8/2018 0:00;2,77
4/8/2018 0:00;16,07
5/8/2018 0:00;27,93
6/8/2018 0:00;0,39
7/8/2018 0:00;4,15
8/8/2018 0:00;12,08
9/8/2018 0:00;14,86
10/8/2018 0:00;26,1
11/8/2018 0:00;7,8
12/8/2018 0:00;7,8
13/8/2018 0:00;0,2
14/8/2018 0:00;0,2
15/8/2018 0:00;3,3
16/8/2018 0:00;19,7
17/8/2018 0:00;19,1
18/8/2018 0:00;8,9
19/8/2018 0:00;2,7
20/8/2018 0:00;8,2
21/8/2018 0:00;11,4
22/8/2018 0:00;1,7
23/8/2018 0:00;0
24/8/2018 0:00;2,6
25/8/2018 0:00;4,6
26/8/2018 0:00;29,2
27/8/2018 0:00;34,4
28/8/2018 0:00;12,9
29/8/2018 0:00;0,1
30/8/2018 0:00;0
31/8/2018 0:00;0
1/9/2018 0:00;5,4
2/9/2018 0:00;6,5
3/9/2018 0:00;16,1
4/9/2018 0:00;26,5
5/9/2018 0:00;10,1
6/9/2018 0:00;0
7/9/2018 0:00;0,1
8/9/2018 0:00;19,5
9/9/2018 0:00;7,9
10/9/2018 0:00;1,8
11/9/2018 0:00;3,6
12/9/2018 0:00;0,2
13/9/2018 0:00;1,7
14/9/2018 0:00;14,1
15/9/2018 0:00;24
16/9/2018 0:00;10,7
17/9/2018 0:00;0
18/9/2018 0:00;0,1
19/9/2018 0:00;3,5
20/9/2018 0:00;0,9
21/9/2018 0:00;1,5
22/9/2018 0:00;6,4
23/9/2018 0:00;0,1
24/9/2018 0:00;7,8
25/9/2018 0:00;2,9
26/9/2018 0:00;2
27/9/2018 0:00;1,1
28/9/2018 0:00;0
29/9/2018 0:00;0
30/9/2018 0:00;0
1/10/2018 0:00;0
2/10/2018 0:00;0,5
3/10/2018 0:00;12,8
4/10/2018 0:00;3,9
5/10/2018 0:00;6,9
6/10/2018 0:00;0,8
7/10/2018 0:00;4,3
8/10/2018 0:00;0,2
9/10/2018 0:00;2
10/10/2018 0:00;1,3
11/10/2018 0:00;1
12/10/2018 0:00;0
13/10/2018 0:00;0,6
14/10/2018 0:00;2,6
15/10/2018 0:00;0,1
16/10/2018 0:00;2
17/10/2018 0:00;0,7
18/10/2018 0:00;0
19/10/2018 0:00;0,7
20/10/2018 0:00;0
21/10/2018 0:00;0
22/10/2018 0:00;0
23/10/2018 0:00;0
24/10/2018 0:00;0
25/10/2018 0:00;0,5
26/10/2018 0:00;8,9
27/10/2018 0:00;9,4
28/10/2018 0:00;3,7
29/10/2018 0:00;5,3
30/10/2018 0:00;0,2
31/10/2018 0:00;1,5
1/11/2018 0:00;5,2
2/11/2018 0:00;0
3/11/2018 0:00;0,4
4/11/2018 0:00;7,9
5/11/2018 0:00;0
6/11/2018 0:00;1,5
7/11/2018 0:00;0,1
8/11/2018 0:00;7,6
9/11/2018 0:00;5,5
10/11/2018 0:00;0,4
11/11/2018 0:00;2,2
12/11/2018 0:00;7,3
13/11/2018 0:00;0,5
14/11/2018 0:00;6,8
15/11/2018 0:00;0,4
16/11/2018 0:00;7,4
17/11/2018 0:00;0,7
18/11/2018 0:00;1,3
19/11/2018 0:00;6,3
20/11/2018 0:00;1
21/11/2018 0:00;1,9
22/11/2018 0:00;7,2
23/11/2018 0:00;2,6
24/11/2018 0:00;0
25/11/2018 0:00;7,2
26/11/2018 0:00;17,5
27/11/2018 0:00;0,3
28/11/2018 0:00;15,8
29/11/2018 0:00;4,6
30/11/2018 0:00;10,7
1/12/2018 0:00;0,3
2/12/2018 0:00;15,5
3/12/2018 0:00;19,4
4/12/2018 0:00;2,6
5/12/2018 0:00;0,4
6/12/2018 0:00;4,1
7/12/2018 0:00;1,4
8/12/2018 0:00;4,3
9/12/2018 0:00;5,3
10/12/2018 0:00;5,9
11/12/2018 0:00;34,8
12/12/2018 0:00;17,3
13/12/2018 0:00;12,4
14/12/2018 0:00;10,2
15/12/2018 0:00;6,5
16/12/2018 0:00;0,4
17/12/2018 0:00;6,1
18/12/2018 0:00;5,3
19/12/2018 0:00;32,2
20/12/2018 0:00;9,3
21/12/2018 0:00;1,2
22/12/2018 0:00;0,4
23/12/2018 0:00;0
24/12/2018 0:00;3,9
25/12/2018 0:00;11
26/12/2018 0:00;3
27/12/2018 0:00;10,9
28/12/2018 0:00;3,9
29/12/2018 0:00;5,8
30/12/2018 0:00;0,4
31/12/2018 0:00;1
1/1/2019 0:00;2,8
2/1/2019 0:00;1,7
3/1/2019 0:00;6,8
4/1/2019 0:00;7,8
5/1/2019 0:00;0,8
6/1/2019 0:00;0
7/1/2019 0:00;6,8
8/1/2019 0:00;0,7
9/1/2019 0:00;0,2
10/1/2019 0:00;0
11/1/2019 0:00;6,5
12/1/2019 0:00;4,4
13/1/2019 0:00;1,9
14/1/2019 0:00;5,8
15/1/2019 0:00;9,3
16/1/2019 0:00;3,1
17/1/2019 0:00;15,4
18/1/2019 0:00;16,2
19/1/2019 0:00;34,2
20/1/2019 0:00;29,2
21/1/2019 0:00;8,7
22/1/2019 0:00;10
23/1/2019 0:00;12,5
24/1/2019 0:00;5
25/1/2019 0:00;0,4
26/1/2019 0:00;0
27/1/2019 0:00;0,1
28/1/2019 0:00;2,4
29/1/2019 0:00;5,7
30/1/2019 0:00;5,8
31/1/2019 0:00;19,6
1/2/2019 0:00;5,5
2/2/2019 0:00;3
3/2/2019 0:00;10,5
4/2/2019 0:00;22,1
5/2/2019 0:00;24,1
6/2/2019 0:00;9,2
7/2/2019 0:00;5,6
8/2/2019 0:00;0,5
9/2/2019 0:00;5,5
10/2/2019 0:00;4,3
11/2/2019 0:00;9,5
12/2/2019 0:00;3,2
13/2/2019 0:00;6,8
14/2/2019 0:00;1,1
15/2/2019 0:00;0,1
16/2/2019 0:00;0
17/2/2019 0:00;0
18/2/2019 0:00;6,7
19/2/2019 0:00;1,5
20/2/2019 0:00;1,7
21/2/2019 0:00;0,9
22/2/2019 0:00;0,1
23/2/2019 0:00;0
24/2/2019 0:00;0
25/2/2019 0:00;0
26/2/2019 0:00;0
27/2/2019 0:00;0
28/2/2019 0:00;0
1/3/2019 0:00;0
2/3/2019 0:00;0
3/3/2019 0:00;0
4/3/2019 0:00;0
5/3/2019 0:00;0
6/3/2019 0:00;0
7/3/2019 0:00;0
8/3/2019 0:00;0
9/3/2019 0:00;0
10/3/2019 0:00;0
11/3/2019 0:00;0
12/3/2019 0:00;0
13/3/2019 0:00;0
14/3/2019 0:00;0
15/3/2019 0:00;0
16/3/2019 0:00;0
17/3/2019 0:00;0
18/3/2019 0:00;0
19/3/2019 0:00;0
20/3/2019 0:00;1
21/3/2019 0:00;0,1
22/3/2019 0:00;0
23/3/2019 0:00;0,2
24/3/2019 0:00;0
25/3/2019 0:00;0
26/3/2019 0:00;0
27/3/2019 0:00;0
28/3/2019 0:00;1
29/3/2019 0:00;0,2
30/3/2019 0:00;8,1
31/3/2019 0:00;5,9
1/4/2019 0:00;4,1
2/4/2019 0:00;9,8
3/4/2019 0:00;7,3
4/4/2019 0:00;8,3
5/4/2019 0:00;3,6
6/4/2019 0:00;0,7
7/4/2019 0:00;2,1
8/4/2019 0:00;1
9/4/2019 0:00;0,1
10/4/2019 0:00;0
11/4/2019 0:00;0
12/4/2019 0:00;0
13/4/2019 0:00;0
14/4/2019 0:00;0
15/4/2019 0:00;0
16/4/2019 0:00;0
17/4/2019 0:00;0
18/4/2019 0:00;0
19/4/2019 0:00;0
20/4/2019 0:00;0
21/4/2019 0:00;0
22/4/2019 0:00;0
23/4/2019 0:00;0
24/4/2019 0:00;0
25/4/2019 0:00;0
26/4/2019 0:00;0
27/4/2019 0:00;0
28/4/2019 0:00;0
29/4/2019 0:00;13,8
30/4/2019 0:00;22,3
1/5/2019 0:00;0
2/5/2019 0:00;4,6
3/5/2019 0:00;8,9
4/5/2019 0:00;18,2
5/5/2019 0:00;24,9
6/5/2019 0:00;42,8
7/5/2019 0:00;33,6
8/5/2019 0:00;15,8
9/5/2019 0:00;5,9
10/5/2019 0:00;3,5
11/5/2019 0:00;0,5
12/5/2019 0:00;7,5
13/5/2019 0:00;35,3
14/5/2019 0:00;59,6
15/5/2019 0:00;33,6
16/5/2019 0:00;0,2
17/5/2019 0:00;1,2
18/5/2019 0:00;1,1
19/5/2019 0:00;12,4
20/5/2019 0:00;0,8
21/5/2019 0:00;0,3
22/5/2019 0:00;0
23/5/2019 0:00;2,9
24/5/2019 0:00;17,9
25/5/2019 0:00;8,9
26/5/2019 0:00;15
27/5/2019 0:00;1
28/5/2019 0:00;0,1
29/5/2019 0:00;13,2
30/5/2019 0:00;9,8
31/5/2019 0:00;6,7
1/6/2019 0:00;0,6
2/6/2019 0:00;4,5
3/6/2019 0:00;8,5
4/6/2019 0:00;21,7
5/6/2019 0:00;23,1
6/6/2019 0:00;7
7/6/2019 0:00;0
8/6/2019 0:00;2,6
9/6/2019 0:00;40,4
10/6/2019 0:00;20,8
11/6/2019 0:00;26,8
12/6/2019 0:00;25,2
13/6/2019 0:00;27
14/6/2019 0:00;23,1
15/6/2019 0:00;6,3
16/6/2019 0:00;16,1
17/6/2019 0:00;27,6
18/6/2019 0:00;39,1
19/6/2019 0:00;4,7
20/6/2019 0:00;77,5
21/6/2019 0:00;70,7
22/6/2019 0:00;45,5
23/6/2019 0:00;58,9
24/6/2019 0:00;39,5
25/6/2019 0:00;0,1
26/6/2019 0:00;0,4
27/6/2019 0:00;9,7
28/6/2019 0:00;24,2
29/6/2019 0:00;40
30/6/2019 0:00;10,7
1/7/2019 0:00;2,4
2/7/2019 0:00;0,8
3/7/2019 0:00;1,8
4/7/2019 0:00;0,3
5/7/2019 0:00;11,4
6/7/2019 0:00;17,3
7/7/2019 0:00;39,1
8/7/2019 0:00;44,3
9/7/2019 0:00;6,1
10/7/2019 0:00;0,5
11/7/2019 0:00;1,5
12/7/2019 0:00;5,9
13/7/2019 0:00;26,3
14/7/2019 0:00;58,1
15/7/2019 0:00;36,7
16/7/2019 0:00;2,6
17/7/2019 0:00;18,5
18/7/2019 0:00;15,2
19/7/2019 0:00;12,5
20/7/2019 0:00;35
21/7/2019 0:00;33,5
22/7/2019 0:00;28,2
23/7/2019 0:00;43,5
24/7/2019 0:00;28,6
25/7/2019 0:00;26,6
26/7/2019 0:00;16,4
27/7/2019 0:00;12,5
28/7/2019 0:00;11,5
29/7/2019 0:00;0,4
30/7/2019 0:00;2,3
31/7/2019 0:00;15,1
1/8/2019 0:00;1,3
2/8/2019 0:00;14,3
3/8/2019 0:00;35,7
4/8/2019 0:00;40,1
5/8/2019 0:00;1,8
6/8/2019 0:00;0
7/8/2019 0:00;4,3
8/8/2019 0:00;2,5
9/8/2019 0:00;11,4
10/8/2019 0:00;13,2
11/8/2019 0:00;17
12/8/2019 0:00;0,6
13/8/2019 0:00;30,4
14/8/2019 0:00;28,9
15/8/2019 0:00;23,9
16/8/2019 0:00;0,1
17/8/2019 0:00;0
18/8/2019 0:00;4,4
19/8/2019 0:00;8,5
20/8/2019 0:00;14
21/8/2019 0:00;28,8
22/8/2019 0:00;26,4
23/8/2019 0:00;6,2
24/8/2019 0:00;8,3
25/8/2019 0:00;0,1
26/8/2019 0:00;3,9
27/8/2019 0:00;1,6
28/8/2019 0:00;29,2
29/8/2019 0:00;4,9
30/8/2019 0:00;1
31/8/2019 0:00;1,5
1/9/2019 0:00;2,3
2/9/2019 0:00;0
3/9/2019 0:00;1,5
4/9/2019 0:00;19,8
5/9/2019 0:00;4,2
6/9/2019 0:00;17,2
7/9/2019 0:00;9
8/9/2019 0:00;0,1
9/9/2019 0:00;1,7
10/9/2019 0:00;0,2
11/9/2019 0:00;5,1
12/9/2019 0:00;23,2
13/9/2019 0:00;12,5
14/9/2019 0:00;11
15/9/2019 0:00;17,7
16/9/2019 0:00;1,6
17/9/2019 0:00;0
18/9/2019 0:00;0
19/9/2019 0:00;0,4
20/9/2019 0:00;23,5
21/9/2019 0:00;4,1
22/9/2019 0:00;1,2
23/9/2019 0:00;2,9
24/9/2019 0:00;2,1
25/9/2019 0:00;0,2
26/9/2019 0:00;0
27/9/2019 0:00;1,1
28/9/2019 0:00;6
29/9/2019 0:00;1,3
30/9/2019 0:00;3,2
1/10/2019 0:00;0,1
2/10/2019 0:00;0,4
3/10/2019 0:00;16
4/10/2019 0:00;2,9
5/10/2019 0:00;0,5
6/10/2019 0:00;6,8
7/10/2019 0:00;2,7
8/10/2019 0:00;4,7
9/10/2019 0:00;0,3
10/10/2019 0:00;7,5
11/10/2019 0:00;2,1
12/10/2019 0:00;4,2
13/10/2019 0:00;20,3
14/10/2019 0:00;0,3
15/10/2019 0:00;5,2
16/10/2019 0:00;6,4
17/10/2019 0:00;1,4
18/10/2019 0:00;3,1
19/10/2019 0:00;10,4
20/10/2019 0:00;9
21/10/2019 0:00;2,5
22/10/2019 0:00;0,5
23/10/2019 0:00;18,2
24/10/2019 0:00;19,3
25/10/2019 0:00;13,7
26/10/2019 0:00;13,1
27/10/2019 0:00;19,6
28/10/2019 0:00;1,7
29/10/2019 0:00;0,5
30/10/2019 0:00;3
31/10/2019 0:00;3
1/11/2019 0:00;3,2
2/11/2019 0:00;7,9
3/11/2019 0:00;0
4/11/2019 0:00;0,6
5/11/2019 0:00;3,1
6/11/2019 0:00;7,2
7/11/2019 0:00;17,9
8/11/2019 0:00;2,7
9/11/2019 0:00;4,9
10/11/2019 0:00;0,1
11/11/2019 0:00;6,1
12/11/2019 0:00;11,8
13/11/2019 0:00;8,5
14/11/2019 0:00;0
15/11/2019 0:00;1,7
16/11/2019 0:00;0
17/11/2019 0:00;2,8
18/11/2019 0:00;4
19/11/2019 0:00;0,8
20/11/2019 0:00;0,5
21/11/2019 0:00;9,4
22/11/2019 0:00;3,8
23/11/2019 0:00;0
24/11/2019 0:00;1,7
25/11/2019 0:00;2,1
26/11/2019 0:00;7,8
27/11/2019 0:00;26,3
28/11/2019 0:00;14
29/11/2019 0:00;0,4
30/11/2019 0:00;1
1/12/2019 0:00;19,3
2/12/2019 0:00;19,1
3/12/2019 0:00;0
4/12/2019 0:00;0,3
5/12/2019 0:00;14,5
6/12/2019 0:00;0,3
7/12/2019 0:00;0,5
8/12/2019 0:00;5,6
9/12/2019 0:00;0,1
10/12/2019 0:00;1
11/12/2019 0:00;2,6
12/12/2019 0:00;1,2
13/12/2019 0:00;0
14/12/2019 0:00;11,7
15/12/2019 0:00;2,3
16/12/2019 0:00;1,6
17/12/2019 0:00;0,2
18/12/2019 0:00;0,8
19/12/2019 0:00;11,7
20/12/2019 0:00;13,8
21/12/2019 0:00;24,3
22/12/2019 0:00;23,2
23/12/2019 0:00;32,3
24/12/2019 0:00;14,6
25/12/2019 0:00;4,5
26/12/2019 0:00;11,6
27/12/2019 0:00;19,7
28/12/2019 0:00;9,6
29/12/2019 0:00;0,5
30/12/2019 0:00;3,2
31/12/2019 0:00;4,7
1/1/2020 0:00;7,2
2/1/2020 0:00;7,5
3/1/2020 0:00;10,8
4/1/2020 0:00;0
5/1/2020 0:00;3,1
6/1/2020 0:00;1,5
7/1/2020 0:00;0
8/1/2020 0:00;0
9/1/2020 0:00;0
10/1/2020 0:00;0
11/1/2020 0:00;4,7
12/1/2020 0:00;7,1
13/1/2020 0:00;3
14/1/2020 0:00;0,1
15/1/2020 0:00;2,6
16/1/2020 0:00;1,1
17/1/2020 0:00;28
18/1/2020 0:00;22,6
19/1/2020 0:00;16,2
20/1/2020 0:00;16,8
21/1/2020 0:00;3
22/1/2020 0:00;0,3
23/1/2020 0:00;0,3
24/1/2020 0:00;1,9
25/1/2020 0:00;10,2
26/1/2020 0:00;0,3
27/1/2020 0:00;1,1
28/1/2020 0:00;1,3
29/1/2020 0:00;0,7
30/1/2020 0:00;6,6
31/1/2020 0:00;7,3
1/2/2020 0:00;16,7
2/2/2020 0:00;3,8
3/2/2020 0:00;6,8
4/2/2020 0:00;1,9
5/2/2020 0:00;0
6/2/2020 0:00;0
7/2/2020 0:00;0
8/2/2020 0:00;0
9/2/2020 0:00;0
10/2/2020 0:00;0,7
11/2/2020 0:00;0
12/2/2020 0:00;1,3
13/2/2020 0:00;0
14/2/2020 0:00;2,3
15/2/2020 0:00;5,4
16/2/2020 0:00;2,8
17/2/2020 0:00;6,1
18/2/2020 0:00;12,7
19/2/2020 0:00;14,4
20/2/2020 0:00;8,4
21/2/2020 0:00;0
22/2/2020 0:00;0
23/2/2020 0:00;0
24/2/2020 0:00;30
25/2/2020 0:00;2
26/2/2020 0:00;4
27/2/2020 0:00;15
28/2/2020 0:00;10
29/2/2020 0:00;17
1/3/2020 0:00;0
2/3/2020 0:00;1
3/3/2020 0:00;2
4/3/2020 0:00;4
5/3/2020 0:00;15
6/3/2020 0:00;7
7/3/2020 0:00;3
8/3/2020 0:00;3
9/3/2020 0:00;5
10/3/2020 0:00;2
11/3/2020 0:00;1
12/3/2020 0:00;0
13/3/2020 0:00;4
14/3/2020 0:00;9
15/3/2020 0:00;12
16/3/2020 0:00;1
17/3/2020 0:00;3
18/3/2020 0:00;1
19/3/2020 0:00;0
20/3/2020 0:00;0
21/3/2020 0:00;0
22/3/2020 0:00;0
23/3/2020 0:00;0
24/3/2020 0:00;0
25/3/2020 0:00;0
26/3/2020 0:00;0
27/3/2020 0:00;0
28/3/2020 0:00;1
29/3/2020 0:00;1
30/3/2020 0:00;38,2
31/3/2020 0:00;32,1
1/4/2020 0:00;13,6
2/4/2020 0:00;12,1
3/4/2020 0:00;5,6
4/4/2020 0:00;3,4
5/4/2020 0:00;10,6
6/4/2020 0:00;19
7/4/2020 0:00;34,1
8/4/2020 0:00;11,5
9/4/2020 0:00;11,5
10/4/2020 0:00;1,9
11/4/2020 0:00;19,4
12/4/2020 0:00;5
13/4/2020 0:00;0
14/4/2020 0:00;0,2
15/4/2020 0:00;12,1
16/4/2020 0:00;0
17/4/2020 0:00;2
18/4/2020 0:00;4,5
19/4/2020 0:00;0,3
20/4/2020 0:00;0,2
21/4/2020 0:00;0
22/4/2020 0:00;0,1
23/4/2020 0:00;3,4
24/4/2020 0:00;9,1
25/4/2020 0:00;5,7
26/4/2020 0:00;0,9
27/4/2020 0:00;5,5
28/4/2020 0:00;5
29/4/2020 0:00;0,3
30/4/2020 0:00;6,5
1/5/2020 0:00;21,2
2/5/2020 0:00;12,3
3/5/2020 0:00;11,5
4/5/2020 0:00;8,7
5/5/2020 0:00;11,3
6/5/2020 0:00;14
7/5/2020 0:00;26,2
8/5/2020 0:00;21,6
9/5/2020 0:00;17,6
10/5/2020 0:00;2,3
11/5/2020 0:00;0,2
12/5/2020 0:00;1,4
13/5/2020 0:00;8,2
14/5/2020 0:00;0
15/5/2020 0:00;4,3
16/5/2020 0:00;29,2
17/5/2020 0:00;6
18/5/2020 0:00;26,3
19/5/2020 0:00;8,6
20/5/2020 0:00;14,2
21/5/2020 0:00;5,3
22/5/2020 0:00;7,5
23/5/2020 0:00;15,1
24/5/2020 0:00;17,9
25/5/2020 0:00;23,7
26/5/2020 0:00;32,8
27/5/2020 0:00;11,6
28/5/2020 0:00;0,1
29/5/2020 0:00;7
30/5/2020 0:00;8,5
31/5/2020 0:00;6,3
1/6/2020 0:00;3,9
2/6/2020 0:00;2,5
3/6/2020 0:00;11,2
4/6/2020 0:00;0
5/6/2020 0:00;16,6
6/6/2020 0:00;0
7/6/2020 0:00;6,9
8/6/2020 0:00;0
9/6/2020 0:00;0,2
10/6/2020 0:00;0
11/6/2020 0:00;0,1
12/6/2020 0:00;0
13/6/2020 0:00;4,3
14/6/2020 0:00;35,8
15/6/2020 0:00;23
16/6/2020 0:00;8,1
17/6/2020 0:00;3,5
18/6/2020 0:00;10,6
19/6/2020 0:00;32,2
20/6/2020 0:00;38,1
21/6/2020 0:00;39,7
22/6/2020 0:00;17,6
23/6/2020 0:00;18,1
24/6/2020 0:00;0
25/6/2020 0:00;13,7
26/6/2020 0:00;22,6
27/6/2020 0:00;14,2
28/6/2020 0:00;9,3
29/6/2020 0:00;15,8
30/6/2020 0:00;0,3
1/7/2020 0:00;5,9
2/7/2020 0:00;13,4
3/7/2020 0:00;13,4
4/7/2020 0:00;15,1
5/7/2020 0:00;0,4
6/7/2020 0:00;6
7/7/2020 0:00;0
8/7/2020 0:00;7,3
9/7/2020 0:00;7,5
10/7/2020 0:00;10,5
11/7/2020 0:00;2,3
12/7/2020 0:00;5
13/7/2020 0:00;30,8
14/7/2020 0:00;39,7
15/7/2020 0:00;47,4
16/7/2020 0:00;0,1
17/7/2020 0:00;0
18/7/2020 0:00;7,2
19/7/2020 0:00;32,2
20/7/2020 0:00;38,9
21/7/2020 0:00;26,5
22/7/2020 0:00;3,4
23/7/2020 0:00;1,6
24/7/2020 0:00;4,5
25/7/2020 0:00;13,8
26/7/2020 0:00;38,2
27/7/2020 0:00;17
28/7/2020 0:00;2
29/7/2020 0:00;23,1
30/7/2020 0:00;23,1
31/7/2020 0:00;27,1
1/8/2020 0:00;8,6
2/8/2020 0:00;1,5
3/8/2020 0:00;1,2
4/8/2020 0:00;0
5/8/2020 0:00;3,5
6/8/2020 0:00;17,5
7/8/2020 0:00;7,7
8/8/2020 0:00;9,3
9/8/2020 0:00;1,4
10/8/2020 0:00;0
11/8/2020 0:00;0
12/8/2020 0:00;3,8
13/8/2020 0:00;3,1
14/8/2020 0:00;17,9
15/8/2020 0:00;16,5
16/8/2020 0:00;0
17/8/2020 0:00;0
18/8/2020 0:00;2,2
19/8/2020 0:00;5,4
20/8/2020 0:00;27
21/8/2020 0:00;32,1
22/8/2020 0:00;0
23/8/2020 0:00;0,9
24/8/2020 0:00;0
25/8/2020 0:00;0
26/8/2020 0:00;0
27/8/2020 0:00;3,6
28/8/2020 0:00;19,5
29/8/2020 0:00;0,9
30/8/2020 0:00;0
31/8/2020 0:00;0
1/9/2020 0:00;12,3
2/9/2020 0:00;0,7
3/9/2020 0:00;3
4/9/2020 0:00;29,6
5/9/2020 0:00;35,5
6/9/2020 0:00;1,6
7/9/2020 0:00;3,3
8/9/2020 0:00;5,3
9/9/2020 0:00;1,2
10/9/2020 0:00;0,8
11/9/2020 0:00;0
12/9/2020 0:00;1,2
13/9/2020 0:00;6,8
14/9/2020 0:00;4
15/9/2020 0:00;6,6
16/9/2020 0:00;0,7
17/9/2020 0:00;0
18/9/2020 0:00;6,6
19/9/2020 0:00;2
20/9/2020 0:00;2,5
21/9/2020 0:00;1,6
22/9/2020 0:00;2,6
23/9/2020 0:00;12,9
24/9/2020 0:00;38,7
25/9/2020 0:00;15,2
26/9/2020 0:00;0,2
27/9/2020 0:00;9,3
28/9/2020 0:00;0,2
29/9/2020 0:00;8,4
30/9/2020 0:00;7,8
1/10/2020 0:00;1
2/10/2020 0:00;0,1
3/10/2020 0:00;7,9
4/10/2020 0:00;13,3
5/10/2020 0:00;0,3
6/10/2020 0:00;3,1
7/10/2020 0:00;12,2
8/10/2020 0:00;2,7
9/10/2020 0:00;4,7
10/10/2020 0:00;3
11/10/2020 0:00;1
12/10/2020 0:00;4,7
13/10/2020 0:00;4,5
14/10/2020 0:00;0,1
15/10/2020 0:00;1,6
16/10/2020 0:00;21,6
17/10/2020 0:00;20,6
18/10/2020 0:00;3,8
19/10/2020 0:00;2,4
20/10/2020 0:00;8,3
21/10/2020 0:00;22,6
22/10/2020 0:00;15,3
23/10/2020 0:00;0,3
24/10/2020 0:00;1,9
25/10/2020 0:00;2
26/10/2020 0:00;0,2
27/10/2020 0:00;0
28/10/2020 0:00;0,1
29/10/2020 0:00;0
30/10/2020 0:00;1,1
31/10/2020 0:00;0
1/11/2020 0:00;0
2/11/2020 0:00;0
3/11/2020 0:00;0
4/11/2020 0:00;0
5/11/2020 0:00;0
6/11/2020 0:00;0
7/11/2020 0:00;0,7
8/11/2020 0:00;0
9/11/2020 0:00;0
10/11/2020 0:00;7,1
11/11/2020 0:00;0,1
12/11/2020 0:00;0,8
13/11/2020 0:00;0
14/11/2020 0:00;17,8
15/11/2020 0:00;0,1
16/11/2020 0:00;0,2
17/11/2020 0:00;1,3
18/11/2020 0:00;7,8
19/11/2020 0:00;14
20/11/2020 0:00;21,2
21/11/2020 0:00;10,4
22/11/2020 0:00;7,8
23/11/2020 0:00;21,1
24/11/2020 0:00;2,7
25/11/2020 0:00;0
26/11/2020 0:00;10,2
27/11/2020 0:00;3,5
28/11/2020 0:00;1,9
29/11/2020 0:00;1,2
30/11/2020 0:00;3,2
1/12/2020 0:00;2,6
2/12/2020 0:00;17,2
3/12/2020 0:00;24,6
4/12/2020 0:00;7,7
5/12/2020 0:00;14,6
6/12/2020 0:00;25,9
7/12/2020 0:00;4,4
8/12/2020 0:00;3,9
9/12/2020 0:00;0
10/12/2020 0:00;0
11/12/2020 0:00;0
12/12/2020 0:00;1,2
13/12/2020 0:00;0,3
14/12/2020 0:00;5
15/12/2020 0:00;0
16/12/2020 0:00;0
17/12/2020 0:00;15,5
18/12/2020 0:00;20
19/12/2020 0:00;2,3
20/12/2020 0:00;2,5
21/12/2020 0:00;2,9
22/12/2020 0:00;1,4
23/12/2020 0:00;0,7
24/12/2020 0:00;5,3
25/12/2020 0:00;11,2
26/12/2020 0:00;0,1
27/12/2020 0:00;0
28/12/2020 0:00;14,6
29/12/2020 0:00;7
30/12/2020 0:00;0,9
31/12/2020 0:00;1,9
1/1/2021 0:00;2,4
2/1/2021 0:00;16,4
3/1/2021 0:00;3,2
4/1/2021 0:00;11,6
5/1/2021 0:00;7,2
6/1/2021 0:00;7,9
7/1/2021 0:00;2,8
8/1/2021 0:00;8,5
9/1/2021 0:00;8,8
10/1/2021 0:00;19,7
11/1/2021 0:00;30,3
12/1/2021 0:00;26,8
13/1/2021 0:00;3,7
14/1/2021 0:00;2,4
15/1/2021 0:00;0
16/1/2021 0:00;0
17/1/2021 0:00;0
18/1/2021 0:00;2,1
19/1/2021 0:00;0,5
20/1/2021 0:00;4,8
21/1/2021 0:00;1,2
22/1/2021 0:00;18,6
23/1/2021 0:00;13,4
24/1/2021 0:00;22,5
25/1/2021 0:00;8,4
26/1/2021 0:00;31,3
27/1/2021 0:00;6,7
28/1/2021 0:00;0
29/1/2021 0:00;1,7
30/1/2021 0:00;5,2
31/1/2021 0:00;0
1/2/2021 0:00;5,4
2/2/2021 0:00;21,5
3/2/2021 0:00;8,8
4/2/2021 0:00;9,8
5/2/2021 0:00;33,6
6/2/2021 0:00;3,8
7/2/2021 0:00;0,2
8/2/2021 0:00;1
9/2/2021 0:00;21,7
10/2/2021 0:00;0,3
11/2/2021 0:00;3,4
12/2/2021 0:00;2,4
13/2/2021 0:00;0,1
14/2/2021 0:00;0
15/2/2021 0:00;12,4
16/2/2021 0:00;5,5
17/2/2021 0:00;0,3
18/2/2021 0:00;4,2
19/2/2021 0:00;18,6
20/2/2021 0:00;2,3
21/2/2021 0:00;9,2
22/2/2021 0:00;3,5
23/2/2021 0:00;1,7
24/2/2021 0:00;16,7
25/2/2021 0:00;25,3
26/2/2021 0:00;6,8
27/2/2021 0:00;16,4
28/2/2021 0:00;0,4
1/3/2021 0:00;9
2/3/2021 0:00;6,6
3/3/2021 0:00;8,3
4/3/2021 0:00;7,9
5/3/2021 0:00;1,6
6/3/2021 0:00;1,5
7/3/2021 0:00;3,8
8/3/2021 0:00;9,7
9/3/2021 0:00;1,2
10/3/2021 0:00;13,8
11/3/2021 0:00;3
12/3/2021 0:00;3,9
13/3/2021 0:00;5,2
14/3/2021 0:00;0,1
15/3/2021 0:00;2,8
16/3/2021 0:00;4,2
17/3/2021 0:00;7,8
18/3/2021 0:00;15,3
19/3/2021 0:00;11
20/3/2021 0:00;0
21/3/2021 0:00;0
22/3/2021 0:00;2,6
23/3/2021 0:00;3,3
24/3/2021 0:00;3
25/3/2021 0:00;0,5
26/3/2021 0:00;0
27/3/2021 0:00;0
28/3/2021 0:00;14,2
29/3/2021 0:00;42
30/3/2021 0:00;19,7
31/3/2021 0:00;23,8
1/4/2021 0:00;0,1
2/4/2021 0:00;4,2
3/4/2021 0:00;23,7
4/4/2021 0:00;19,1
5/4/2021 0:00;6,1
6/4/2021 0:00;4,5
7/4/2021 0:00;10,6
8/4/2021 0:00;7,1
9/4/2021 0:00;13,8
10/4/2021 0:00;3
11/4/2021 0:00;0
12/4/2021 0:00;10,9
13/4/2021 0:00;5,8
14/4/2021 0:00;8,6
15/4/2021 0:00;27,5
16/4/2021 0:00;1,4
17/4/2021 0:00;15,6
18/4/2021 0:00;2,8
19/4/2021 0:00;23,1
20/4/2021 0:00;0
21/4/2021 0:00;0,9
22/4/2021 0:00;0
23/4/2021 0:00;0,6
24/4/2021 0:00;0
25/4/2021 0:00;1,9
26/4/2021 0:00;6,6
27/4/2021 0:00;16,9
28/4/2021 0:00;24,2
29/4/2021 0:00;2,5
30/4/2021 0:00;33
1/5/2021 0:00;7,7
2/5/2021 0:00;12,3
3/5/2021 0:00;14
4/5/2021 0:00;4,3
5/5/2021 0:00;0,5
6/5/2021 0:00;5,8
7/5/2021 0:00;1,9
8/5/2021 0:00;6,2
9/5/2021 0:00;11,5
10/5/2021 0:00;20,7
11/5/2021 0:00;23,3
12/5/2021 0:00;22,9
13/5/2021 0:00;9,1
14/5/2021 0:00;42,7
15/5/2021 0:00;27,7
16/5/2021 0:00;15,9
17/5/2021 0:00;24,1
18/5/2021 0:00;21,5
19/5/2021 0:00;0,6
20/5/2021 0:00;1,5
21/5/2021 0:00;14,4
22/5/2021 0:00;11,1
23/5/2021 0:00;26,1
24/5/2021 0:00;33,7
25/5/2021 0:00;27,5
26/5/2021 0:00;8,4
27/5/2021 0:00;4,8
28/5/2021 0:00;0
29/5/2021 0:00;0
30/5/2021 0:00;11,1
31/5/2021 0:00;4,5
1/6/2021 0:00;0,5
2/6/2021 0:00;0
3/6/2021 0:00;3,7
4/6/2021 0:00;9,1
5/6/2021 0:00;3,3
6/6/2021 0:00;35,6
7/6/2021 0:00;13,6
8/6/2021 0:00;9,3
9/6/2021 0:00;0,1
10/6/2021 0:00;0
11/6/2021 0:00;0
12/6/2021 0:00;4,7
13/6/2021 0:00;18,4
14/6/2021 0:00;2,4
15/6/2021 0:00;11,3
16/6/2021 0:00;0,5
17/6/2021 0:00;6,9
18/6/2021 0:00;17,4
19/6/2021 0:00;28,2
20/6/2021 0:00;42
21/6/2021 0:00;28,4
22/6/2021 0:00;5
23/6/2021 0:00;7,5
24/6/2021 0:00;0
25/6/2021 0:00;7,8
26/6/2021 0:00;8
27/6/2021 0:00;0,6
28/6/2021 0:00;11,4
29/6/2021 0:00;4,8
30/6/2021 0:00;54,6
1/7/2021 0:00;30,3
2/7/2021 0:00;4,1
3/7/2021 0:00;5,3
4/7/2021 0:00;1,9
5/7/2021 0:00;0
6/7/2021 0:00;8,4
7/7/2021 0:00;1,2
8/7/2021 0:00;16
9/7/2021 0:00;14,1
10/7/2021 0:00;21,3
11/7/2021 0:00;37,8
12/7/2021 0:00;13,5
13/7/2021 0:00;8,5
14/7/2021 0:00;0,6
15/7/2021 0:00;4,8
16/7/2021 0:00;7,5
17/7/2021 0:00;18,5
18/7/2021 0:00;74,9
19/7/2021 0:00;79,4
20/7/2021 0:00;37,2
21/7/2021 0:00;24,8
22/7/2021 0:00;39,3
23/7/2021 0:00;29,6
24/7/2021 0:00;1,5
25/7/2021 0:00;2,9
26/7/2021 0:00;9,7
27/7/2021 0:00;8,2
28/7/2021 0:00;6,3
29/7/2021 0:00;8,2
30/7/2021 0:00;12,1
31/7/2021 0:00;0,5
1/8/2021 0:00;13,2
2/8/2021 0:00;36,2
3/8/2021 0:00;10,6
4/8/2021 0:00;0,1
5/8/2021 0:00;0,3
6/8/2021 0:00;0,9
7/8/2021 0:00;0,3
8/8/2021 0:00;0
9/8/2021 0:00;8
10/8/2021 0:00;19
11/8/2021 0:00;25,3
12/8/2021 0:00;9,1
13/8/2021 0:00;8,8
14/8/2021 0:00;3,8
15/8/2021 0:00;5,5
16/8/2021 0:00;23,7
17/8/2021 0:00;12,3
18/8/2021 0:00;6
19/8/2021 0:00;1,6
20/8/2021 0:00;0,5
21/8/2021 0:00;1,4
22/8/2021 0:00;13,9
23/8/2021 0:00;5,6
24/8/2021 0:00;0,7
25/8/2021 0:00;0,5
26/8/2021 0:00;3,8
27/8/2021 0:00;12,1
28/8/2021 0:00;6,1
29/8/2021 0:00;5,3
30/8/2021 0:00;5,3
31/8/2021 0:00;4,6
1/9/2021 0:00;0,1
2/9/2021 0:00;12
3/9/2021 0:00;10
4/9/2021 0:00;0,6
5/9/2021 0:00;1,6
6/9/2021 0:00;37,8
7/9/2021 0:00;0,6
8/9/2021 0:00;7,7
9/9/2021 0:00;2
10/9/2021 0:00;2,3
11/9/2021 0:00;16,8
12/9/2021 0:00;18,3
13/9/2021 0:00;9,2
14/9/2021 0:00;1,2
15/9/2021 0:00;0,3
16/9/2021 0:00;13,4
17/9/2021 0:00;2,8
18/9/2021 0:00;0
19/9/2021 0:00;0
20/9/2021 0:00;1
21/9/2021 0:00;11,3
22/9/2021 0:00;18,8
23/9/2021 0:00;13,8
24/9/2021 0:00;6
25/9/2021 0:00;10
26/9/2021 0:00;2,7
27/9/2021 0:00;0,7
28/9/2021 0:00;6,5
29/9/2021 0:00;6,1
30/9/2021 0:00;8,1
1/10/2021 0:00;1,9
2/10/2021 0:00;0
3/10/2021 0:00;0,9
4/10/2021 0:00;0,4
5/10/2021 0:00;9,2
6/10/2021 0:00;4
7/10/2021 0:00;5,7
8/10/2021 0:00;0,1
9/10/2021 0:00;2,8
10/10/2021 0:00;6,5
11/10/2021 0:00;3
12/10/2021 0:00;7,6
13/10/2021 0:00;0,1
14/10/2021 0:00;2,9
15/10/2021 0:00;12,9
16/10/2021 0:00;3,4
17/10/2021 0:00;8,7
18/10/2021 0:00;2,8
19/10/2021 0:00;0,3
20/10/2021 0:00;19,4
21/10/2021 0:00;15,1
22/10/2021 0:00;0
23/10/2021 0:00;13,1
24/10/2021 0:00;8,8
25/10/2021 0:00;16,1
26/10/2021 0:00;2,9
27/10/2021 0:00;0,4
28/10/2021 0:00;3,8
29/10/2021 0:00;0,7
30/10/2021 0:00;0,4
31/10/2021 0:00;3,1
1/11/2021 0:00;4,7
2/11/2021 0:00;1,9
3/11/2021 0:00;0
4/11/2021 0:00;0
5/11/2021 0:00;6,6
6/11/2021 0:00;1,7
7/11/2021 0:00;0
8/11/2021 0:00;0,4
9/11/2021 0:00;1,7
10/11/2021 0:00;4,2
11/11/2021 0:00;1,8
12/11/2021 0:00;4,3
13/11/2021 0:00;0,4
14/11/2021 0:00;0
15/11/2021 0:00;0
16/11/2021 0:00;7,3
17/11/2021 0:00;2,6
18/11/2021 0:00;9,7
19/11/2021 0:00;19,6
20/11/2021 0:00;3,6
21/11/2021 0:00;4,6
22/11/2021 0:00;1,8
23/11/2021 0:00;0,8
24/11/2021 0:00;14,5
25/11/2021 0:00;6,5
26/11/2021 0:00;3,4
27/11/2021 0:00;0
28/11/2021 0:00;0
29/11/2021 0:00;2,9
30/11/2021 0:00;1,5
1/12/2021 0:00;2,3
2/12/2021 0:00;0
3/12/2021 0:00;0,4
4/12/2021 0:00;4,6
5/12/2021 0:00;7,1
6/12/2021 0:00;3,6
7/12/2021 0:00;15,6
8/12/2021 0:00;3
9/12/2021 0:00;0
10/12/2021 0:00;3,6
11/12/2021 0:00;1,8
12/12/2021 0:00;1,1
13/12/2021 0:00;10,3
14/12/2021 0:00;4,8
15/12/2021 0:00;2,4
16/12/2021 0:00;21,5
17/12/2021 0:00;30,1
18/12/2021 0:00;18,7
19/12/2021 0:00;17,6
20/12/2021 0:00;1,1
21/12/2021 0:00;0
22/12/2021 0:00;0,2
23/12/2021 0:00;0
24/12/2021 0:00;0
25/12/2021 0:00;0,1
26/12/2021 0:00;13,2
27/12/2021 0:00;0,1
28/12/2021 0:00;0
29/12/2021 0:00;3,3
30/12/2021 0:00;0,1
31/12/2021 0:00;0
1/1/2022 0:00;0
2/1/2022 0:00;0
3/1/2022 0:00;0
4/1/2022 0:00;0,2
5/1/2022 0:00;10,3
6/1/2022 0:00;5,4
7/1/2022 0:00;0
8/1/2022 0:00;0
9/1/2022 0:00;0
10/1/2022 0:00;0
11/1/2022 0:00;2,4
12/1/2022 0:00;0,1
13/1/2022 0:00;8,5
14/1/2022 0:00;6,4
15/1/2022 0:00;2,4
16/1/2022 0:00;1,1
17/1/2022 0:00;0,7
18/1/2022 0:00;1,4
19/1/2022 0:00;18,5
20/1/2022 0:00;17
21/1/2022 0:00;5,6
22/1/2022 0:00;1,8
23/1/2022 0:00;0
24/1/2022 0:00;0
25/1/2022 0:00;2,4
26/1/2022 0:00;0
27/1/2022 0:00;5,1
28/1/2022 0:00;0
29/1/2022 0:00;0
30/1/2022 0:00;0
31/1/2022 0:00;4,6
1/2/2022 0:00;1,5
2/2/2022 0:00;1,3
3/2/2022 0:00;0
4/2/2022 0:00;0,3
5/2/2022 0:00;2,6
6/2/2022 0:00;16,6
7/2/2022 0:00;9,8
8/2/2022 0:00;10,3
9/2/2022 0:00;1,6
10/2/2022 0:00;0
11/2/2022 0:00;7,9
12/2/2022 0:00;3,4
13/2/2022 0:00;1,2
14/2/2022 0:00;0,5
15/2/2022 0:00;1,1
16/2/2022 0:00;0
17/2/2022 0:00;0
18/2/2022 0:00;3,3
19/2/2022 0:00;0,6
20/2/2022 0:00;0,8
21/2/2022 0:00;1,4
22/2/2022 0:00;0
23/2/2022 0:00;0
24/2/2022 0:00;0,1
25/2/2022 0:00;4,8
26/2/2022 0:00;7,6
27/2/2022 0:00;13,7
28/2/2022 0:00;6,3
1/3/2022 0:00;6,1
2/3/2022 0:00;4,7
3/3/2022 0:00;4,7
4/3/2022 0:00;1,1
5/3/2022 0:00;2,4
6/3/2022 0:00;2,4
7/3/2022 0:00;1,1
8/3/2022 0:00;1,5
9/3/2022 0:00;0,3
10/3/2022 0:00;0,3
11/3/2022 0:00;13,3
12/3/2022 0:00;0
13/3/2022 0:00;15,2
14/3/2022 0:00;9,5
15/3/2022 0:00;5,9
16/3/2022 0:00;3,5
17/3/2022 0:00;2,2
18/3/2022 0:00;0
19/3/2022 0:00;8,3
20/3/2022 0:00;5
21/3/2022 0:00;2,1
22/3/2022 0:00;0,9
23/3/2022 0:00;2,6
24/3/2022 0:00;11,1
25/3/2022 0:00;4,5
26/3/2022 0:00;10,3
27/3/2022 0:00;9,5
28/3/2022 0:00;10,4
29/3/2022 0:00;0,7
30/3/2022 0:00;12,9
31/3/2022 0:00;1,1
1/4/2022 0:00;2,1
2/4/2022 0:00;12,9
3/4/2022 0:00;0
4/4/2022 0:00;6,3
5/4/2022 0:00;10,6
6/4/2022 0:00;5,1
7/4/2022 0:00;0,1
8/4/2022 0:00;7,6
9/4/2022 0:00;13,3
10/4/2022 0:00;10,5
11/4/2022 0:00;2,4
12/4/2022 0:00;23,7
13/4/2022 0:00;13,1
14/4/2022 0:00;8,3
15/4/2022 0:00;7,1
16/4/2022 0:00;2,4
17/4/2022 0:00;0,3
18/4/2022 0:00;8,7
19/4/2022 0:00;11,6
20/4/2022 0:00;9,4
21/4/2022 0:00;0,3
22/4/2022 0:00;2,2
23/4/2022 0:00;0,7
24/4/2022 0:00;1,4
25/4/2022 0:00;4,5
26/4/2022 0:00;1,3
27/4/2022 0:00;1,4
28/4/2022 0:00;1,5
29/4/2022 0:00;7,9
30/4/2022 0:00;19,6
1/5/2022 0:00;0,1
2/5/2022 0:00;0,1
3/5/2022 0:00;0
4/5/2022 0:00;12,2
5/5/2022 0:00;24,2
6/5/2022 0:00;5,1
7/5/2022 0:00;2,5
8/5/2022 0:00;3
9/5/2022 0:00;0
10/5/2022 0:00;5,5
11/5/2022 0:00;9,2
12/5/2022 0:00;6,4
13/5/2022 0:00;10,3
14/5/2022 0:00;23,4
15/5/2022 0:00;14,4
16/5/2022 0:00;30,3
17/5/2022 0:00;20,4
18/5/2022 0:00;5,2
19/5/2022 0:00;3,7
20/5/2022 0:00;1,7
21/5/2022 0:00;0
22/5/2022 0:00;0
23/5/2022 0:00;0,4
24/5/2022 0:00;6,7
25/5/2022 0:00;26,8
26/5/2022 0:00;33,2
27/5/2022 0:00;30,6
28/5/2022 0:00;6,1
29/5/2022 0:00;0,5
30/5/2022 0:00;10
31/5/2022 0:00;0
1/6/2022 0:00;1,5
2/6/2022 0:00;6
3/6/2022 0:00;8,2
4/6/2022 0:00;12,8
5/6/2022 0:00;2,2
6/6/2022 0:00;0,1
7/6/2022 0:00;1,1
8/6/2022 0:00;22,8
9/6/2022 0:00;1,1
10/6/2022 0:00;6,8
11/6/2022 0:00;16,3
12/6/2022 0:00;9,6
13/6/2022 0:00;3,9
14/6/2022 0:00;2,6
15/6/2022 0:00;9,1
16/6/2022 0:00;0,1
17/6/2022 0:00;1
18/6/2022 0:00;13,5
19/6/2022 0:00;7,6
20/6/2022 0:00;13,5
21/6/2022 0:00;1,8
22/6/2022 0:00;9,7
23/6/2022 0:00;43
24/6/2022 0:00;40
25/6/2022 0:00;51,5
26/6/2022 0:00;24
27/6/2022 0:00;0,4
28/6/2022 0:00;1,2
29/6/2022 0:00;2,2
30/6/2022 0:00;2,9
1/7/2022 0:00;5,5
2/7/2022 0:00;21,5
3/7/2022 0:00;60,7
4/7/2022 0:00;52,7
5/7/2022 0:00;36,3
6/7/2022 0:00;36,5
7/7/2022 0:00;0,2
8/7/2022 0:00;12,3
9/7/2022 0:00;30,1
10/7/2022 0:00;12,2
11/7/2022 0:00;6,3
12/7/2022 0:00;10,5
13/7/2022 0:00;19,6
14/7/2022 0:00;0,4
15/7/2022 0:00;0
16/7/2022 0:00;0,5
17/7/2022 0:00;11,6
18/7/2022 0:00;25,7
19/7/2022 0:00;6,4
20/7/2022 0:00;23
21/7/2022 0:00;10,3
22/7/2022 0:00;7,4
23/7/2022 0:00;3,4
24/7/2022 0:00;7,6
25/7/2022 0:00;4,6
26/7/2022 0:00;31,7
27/7/2022 0:00;12,3
28/7/2022 0:00;1,9
29/7/2022 0:00;0,4
30/7/2022 0:00;0,1
31/7/2022 0:00;0,1
1/8/2022 0:00;2,4
2/8/2022 0:00;11,9
3/8/2022 0:00;4,9
4/8/2022 0:00;12,2
5/8/2022 0:00;24
6/8/2022 0:00;14,8
7/8/2022 0:00;5,3
8/8/2022 0:00;11,5
9/8/2022 0:00;27,1
10/8/2022 0:00;74,6
11/8/2022 0:00;42,2
12/8/2022 0:00;1,9
13/8/2022 0:00;1
14/8/2022 0:00;1,2
15/8/2022 0:00;6,6
16/8/2022 0:00;4,4
17/8/2022 0:00;0,1
18/8/2022 0:00;0
19/8/2022 0:00;15,5
20/8/2022 0:00;18
21/8/2022 0:00;10,1
22/8/2022 0:00;0
23/8/2022 0:00;0
24/8/2022 0:00;0
25/8/2022 0:00;0,6
26/8/2022 0:00;0,3
27/8/2022 0:00;0,6
28/8/2022 0:00;3
29/8/2022 0:00;27
30/8/2022 0:00;26,7
31/8/2022 0:00;6,9
1/9/2022 0:00;1,9
2/9/2022 0:00;7,1
3/9/2022 0:00;12,6
4/9/2022 0:00;13,1
5/9/2022 0:00;29,3
6/9/2022 0:00;5,5
7/9/2022 0:00;6
8/9/2022 0:00;1,2
9/9/2022 0:00;1,2
10/9/2022 0:00;34,4
11/9/2022 0:00;18,5
12/9/2022 0:00;0,2
13/9/2022 0:00;0
14/9/2022 0:00;6,6
15/9/2022 0:00;3,4
16/9/2022 0:00;12
17/9/2022 0:00;7,7
18/9/2022 0:00;2
19/9/2022 0:00;0
20/9/2022 0:00;1,4
21/9/2022 0:00;0,7
22/9/2022 0:00;0
23/9/2022 0:00;1,5
24/9/2022 0:00;1,2
25/9/2022 0:00;4,7
26/9/2022 0:00;2,5
27/9/2022 0:00;1,1
28/9/2022 0:00;2,1
29/9/2022 0:00;0,3
30/9/2022 0:00;8,6
1/10/2022 0:00;3,2
2/10/2022 0:00;1,6
3/10/2022 0:00;0,3
4/10/2022 0:00;0,7
5/10/2022 0:00;0
6/10/2022 0:00;3,8
7/10/2022 0:00;5
8/10/2022 0:00;6,6
9/10/2022 0:00;3,1
10/10/2022 0:00;0,8
11/10/2022 0:00;3,9
12/10/2022 0:00;0,1
13/10/2022 0:00;0
14/10/2022 0:00;18,5
15/10/2022 0:00;11,4
16/10/2022 0:00;1
17/10/2022 0:00;0,2
18/10/2022 0:00;3,7
19/10/2022 0:00;27,3
20/10/2022 0:00;2,3
21/10/2022 0:00;1,3
22/10/2022 0:00;1,5
23/10/2022 0:00;6,9
24/10/2022 0:00;6,7
25/10/2022 0:00;0
26/10/2022 0:00;5,1
27/10/2022 0:00;10,5
28/10/2022 0:00;0
29/10/2022 0:00;0
30/10/2022 0:00;0
31/10/2022 0:00;0
1/11/2022 0:00;0,4
2/11/2022 0:00;8
3/11/2022 0:00;0
4/11/2022 0:00;0
5/11/2022 0:00;0
6/11/2022 0:00;0
7/11/2022 0:00;0
8/11/2022 0:00;1,3
9/11/2022 0:00;4,1
10/11/2022 0:00;1
11/11/2022 0:00;0,8
12/11/2022 0:00;5,4
13/11/2022 0:00;1,2
14/11/2022 0:00;1,7
15/11/2022 0:00;19,6
16/11/2022 0:00;34,4
17/11/2022 0:00;2,7
18/11/2022 0:00;0
19/11/2022 0:00;0
20/11/2022 0:00;12,4
21/11/2022 0:00;20,7
22/11/2022 0:00;0
23/11/2022 0:00;0
24/11/2022 0:00;0
25/11/2022 0:00;5,9
26/11/2022 0:00;0,3
27/11/2022 0:00;7,6
28/11/2022 0:00;5,2
29/11/2022 0:00;0
30/11/2022 0:00;0
1/12/2022 0:00;0
2/12/2022 0:00;4,9
3/12/2022 0:00;1,8
4/12/2022 0:00;0,2
5/12/2022 0:00;0,7
6/12/2022 0:00;1,3
7/12/2022 0:00;2,9
8/12/2022 0:00;0
9/12/2022 0:00;7,4
10/12/2022 0:00;2,5
11/12/2022 0:00;6,2
12/12/2022 0:00;0
13/12/2022 0:00;4,6
14/12/2022 0:00;47,3
15/12/2022 0:00;14,2
16/12/2022 0:00;1,5
17/12/2022 0:00;2,1
18/12/2022 0:00;0
19/12/2022 0:00;0
20/12/2022 0:00;0
21/12/2022 0:00;0
22/12/2022 0:00;0
23/12/2022 0:00;0,3
24/12/2022 0:00;0
25/12/2022 0:00;9,6
26/12/2022 0:00;6
27/12/2022 0:00;0
28/12/2022 0:00;0
29/12/2022 0:00;0
30/12/2022 0:00;2,2
31/12/2022 0:00;1,8
1/1/2023 0:00;3,8
2/1/2023 0:00;4,9
3/1/2023 0:00;0,3
4/1/2023 0:00;2,4
5/1/2023 0:00;3,5
6/1/2023 0:00;1,2
7/1/2023 0:00;0,7
8/1/2023 0:00;0
9/1/2023 0:00;0,1
10/1/2023 0:00;18,1
11/1/2023 0:00;23,8
12/1/2023 0:00;4,5
13/1/2023 0:00;0
14/1/2023 0:00;5,1
15/1/2023 0:00;0
16/1/2023 0:00;0,2
17/1/2023 0:00;0
18/1/2023 0:00;3
19/1/2023 0:00;3
20/1/2023 0:00;3,2
21/1/2023 0:00;0
22/1/2023 0:00;1,7
23/1/2023 0:00;7,2
24/1/2023 0:00;32
25/1/2023 0:00;2,5
26/1/2023 0:00;0
27/1/2023 0:00;0
28/1/2023 0:00;0
29/1/2023 0:00;0
30/1/2023 0:00;0
31/1/2023 0:00;8
1/2/2023 0:00;0,1
2/2/2023 0:00;0,1
3/2/2023 0:00;0,3
4/2/2023 0:00;0,3
5/2/2023 0:00;7,2
6/2/2023 0:00;15,4
7/2/2023 0:00;5,9
8/2/2023 0:00;3
9/2/2023 0:00;4,5
10/2/2023 0:00;8,9
11/2/2023 0:00;8,9
12/2/2023 0:00;8,8
13/2/2023 0:00;21,1
14/2/2023 0:00;8,3
15/2/2023 0:00;5,8
16/2/2023 0:00;3,4
17/2/2023 0:00;0,2
18/2/2023 0:00;4,3
19/2/2023 0:00;0
20/2/2023 0:00;2,7
21/2/2023 0:00;11,5
22/2/2023 0:00;9,6
23/2/2023 0:00;7,1
24/2/2023 0:00;0
25/2/2023 0:00;0
26/2/2023 0:00;0
27/2/2023 0:00;3,2
28/2/2023 0:00;13,7
1/3/2023 0:00;3,2
2/3/2023 0:00;7,6
3/3/2023 0:00;22,2
4/3/2023 0:00;55,4
5/3/2023 0:00;21,7
6/3/2023 0:00;9,5
7/3/2023 0:00;3,2
8/3/2023 0:00;1,7
9/3/2023 0:00;4,8
10/3/2023 0:00;10,3
11/3/2023 0:00;7,3
12/3/2023 0:00;4,7
13/3/2023 0:00;2,6
14/3/2023 0:00;9,1
15/3/2023 0:00;2,9
16/3/2023 0:00;1,2
17/3/2023 0:00;0,3
18/3/2023 0:00;0
19/3/2023 0:00;0
20/3/2023 0:00;0
21/3/2023 0:00;6,9
22/3/2023 0:00;0
23/3/2023 0:00;0,3
24/3/2023 0:00;12,9
25/3/2023 0:00;0,2
26/3/2023 0:00;5,1
27/3/2023 0:00;6,5
28/3/2023 0:00;1,5
29/3/2023 0:00;1,4
30/3/2023 0:00;4
31/3/2023 0:00;18,5
1/4/2023 0:00;12
2/4/2023 0:00;0,4
3/4/2023 0:00;9,3
4/4/2023 0:00;0,1
